date,1983,1984,1985,1986,1987,1988,1989,1990,1991,1992,1993,1994,1995,1996,1997,1998,1999,2000,2001,2002,2003,2004,2005,2006,2007,2008,2009,2010,2011,2012,2013,2014,2015,2016,2017,2018,2019,2020,2021,2022,2023,2024,2025,2026,10%,30%,70%,90%,Min,Median ('91-'20),Median (POR),Max,Median Peak SWE
10-01,0.0,0.0,0.0,0.0,0.0,0.0,0.0,0.0,0.0,0.0,0.0,0.0,0.0,0.0,0.0,0.0,0.0,0.0,0.0,0.0,0.0,0.0,0.0,0.0,0.0,0.0,0.0,0.3,0.0,0.0,0.0,0.5,0.0,0.0,0.0,0.0,0.0,0.2,0.0,0.0,0.0,0.0,0.0,0.0,0.0,0.0,0.0,0.0,0.0,0.0,0.0,0.5,
10-02,0.0,0.0,0.0,0.0,0.0,0.0,0.0,0.0,0.0,0.0,0.0,0.0,0.0,0.0,0.0,0.0,0.0,0.0,0.0,0.0,0.0,0.0,0.0,0.0,0.0,0.0,0.0,0.0,0.0,0.0,0.0,1.0,0.0,0.0,0.0,0.0,0.0,0.1,0.0,0.0,0.0,0.0,0.0,0.2,0.0,0.0,0.0,0.0,0.0,0.0,0.0,1.0,
10-03,0.0,0.0,0.0,0.0,0.0,0.0,0.0,0.0,0.0,0.0,0.0,0.0,0.0,0.0,0.0,0.0,0.0,0.0,0.0,0.0,0.0,0.0,0.0,0.0,0.0,0.0,0.0,0.0,0.0,0.0,0.0,0.5,0.0,0.0,0.0,0.0,0.0,0.0,0.0,0.0,0.0,0.0,0.0,0.2,0.0,0.0,0.0,0.0,0.0,0.0,0.0,0.5,
10-04,0.0,0.0,0.0,0.0,0.0,0.0,0.0,0.0,0.0,0.0,0.0,0.0,0.0,0.0,0.0,0.0,0.0,0.0,0.0,0.0,0.2,0.0,0.0,0.0,0.0,0.0,0.0,0.0,0.0,0.0,0.0,0.1,0.0,0.0,0.0,0.0,0.0,0.0,0.0,0.0,0.0,0.0,0.0,0.2,0.0,0.0,0.0,0.0,0.0,0.0,0.0,0.2,
10-05,0.0,0.0,0.0,0.0,0.0,0.0,0.0,0.0,0.0,0.0,0.0,0.0,0.0,0.0,0.0,0.0,0.0,0.0,0.0,0.0,0.1,0.0,0.0,0.0,0.0,0.0,0.0,0.0,0.0,0.0,0.0,0.0,0.0,0.0,0.0,0.0,0.0,0.0,0.0,0.0,0.0,0.0,0.0,0.2,0.0,0.0,0.0,0.0,0.0,0.0,0.0,0.1,
10-06,0.0,0.0,0.0,0.0,0.0,0.0,0.0,0.0,0.0,0.0,0.0,0.0,0.0,0.0,0.0,0.0,0.0,0.0,0.0,0.0,0.1,0.0,0.0,0.0,0.0,0.0,0.0,0.0,0.0,0.0,0.0,0.0,0.0,0.0,0.0,0.0,0.3,0.0,0.0,0.0,0.0,0.0,0.0,0.2,0.0,0.0,0.0,0.0,0.0,0.0,0.0,0.3,
10-07,0.0,0.0,0.0,0.0,0.0,0.0,0.0,0.0,0.0,0.0,0.0,0.0,0.0,0.0,0.0,0.0,0.0,0.0,0.0,0.0,0.0,0.0,0.0,0.0,0.0,0.0,0.0,0.0,0.0,0.0,0.0,0.0,0.0,0.0,0.0,0.0,0.0,0.0,0.0,0.0,0.0,0.0,0.0,0.2,0.0,0.0,0.0,0.0,0.0,0.0,0.0,0.0,
10-08,0.0,0.0,0.0,0.3,0.0,0.0,0.0,0.0,0.0,0.0,0.0,0.0,0.0,0.0,0.0,0.0,0.0,0.0,0.0,0.0,0.0,0.0,0.0,0.0,0.0,0.0,0.0,0.0,0.0,0.0,0.0,0.0,0.0,0.0,0.0,0.1,0.0,0.0,0.0,0.0,0.0,0.0,0.0,0.2,0.0,0.0,0.0,0.0,0.0,0.0,0.0,0.3,
10-09,0.0,0.0,0.0,0.5,0.0,0.0,0.0,0.0,0.0,0.0,0.0,0.0,0.0,0.0,0.0,0.0,0.0,0.0,0.0,0.0,0.0,0.0,0.0,0.0,0.0,0.0,0.0,0.0,0.0,0.0,0.0,0.0,0.0,0.0,0.0,0.0,0.0,0.8,0.0,0.0,0.0,0.0,0.0,0.2,0.0,0.0,0.0,0.0,0.0,0.0,0.0,0.8,
10-10,0.0,0.0,0.3,0.1,0.0,0.0,0.0,0.0,0.0,0.0,0.0,0.0,0.0,0.0,0.0,0.0,0.0,0.0,0.0,0.0,0.0,0.0,0.0,0.0,0.0,0.0,0.0,0.0,0.0,0.0,0.0,0.0,0.0,0.0,0.0,0.0,0.0,0.7,0.0,0.0,0.0,0.0,0.0,0.3,0.0,0.0,0.0,0.0,0.0,0.0,0.0,0.7,
10-11,0.0,0.0,0.5,0.0,0.0,0.0,0.0,0.0,0.0,0.0,0.0,0.0,0.0,0.0,0.0,0.0,0.0,0.0,0.0,0.0,0.0,0.0,0.0,0.0,0.0,0.0,0.0,0.0,0.0,0.0,0.0,0.0,0.0,0.0,0.0,0.0,0.0,0.7,0.0,1.0,0.0,0.0,0.0,0.2,0.0,0.0,0.0,0.0,0.0,0.0,0.0,1.0,
10-12,0.0,0.0,0.9,0.5,0.0,0.0,0.0,0.0,0.0,0.0,0.0,0.0,0.0,0.0,0.0,0.0,0.0,0.0,0.0,0.0,0.0,0.0,0.0,0.0,0.0,0.0,0.0,0.3,0.0,0.0,0.0,0.0,0.0,0.0,0.0,1.1,0.0,0.7,0.0,1.0,0.0,0.0,0.0,0.1,0.0,0.0,0.0,0.46,0.0,0.0,0.0,1.1,
10-13,0.0,0.0,1.3,0.9,0.0,0.0,0.0,0.0,0.0,0.0,0.0,0.0,0.0,0.0,0.0,0.0,0.0,0.0,0.0,0.0,0.0,0.0,0.0,0.0,0.0,0.0,0.0,0.6,0.0,0.0,0.0,0.0,0.0,0.0,0.0,1.9,0.0,0.4,0.1,1.1,0.0,0.0,0.0,0.2,0.0,0.0,0.0,0.56,0.0,0.0,0.0,1.9,
10-14,0.0,0.0,2.2,0.6,0.0,0.0,0.0,0.0,0.0,0.0,0.0,0.0,0.3,0.0,0.0,0.0,0.0,0.0,0.2,0.0,0.0,0.0,0.0,0.0,0.0,0.0,0.0,0.6,0.0,0.0,0.0,0.0,0.0,0.0,0.0,2.5,0.0,0.1,0.2,1.3,0.0,0.0,0.0,0.2,0.0,0.0,0.0,0.54,0.0,0.0,0.0,2.5,
10-15,0.0,0.0,2.3,0.0,0.0,0.0,0.0,0.0,1.2,0.0,0.0,0.0,0.3,0.0,0.0,0.0,0.0,0.0,0.2,0.0,0.0,0.0,0.0,0.0,0.0,0.0,0.0,0.2,0.0,0.0,0.0,0.0,0.0,0.0,0.0,2.4,0.0,0.1,0.2,1.1,0.0,0.0,0.0,0.2,0.0,0.0,0.0,0.28,0.0,0.0,0.0,2.4,
10-16,0.0,0.0,2.3,0.0,0.0,0.0,0.0,0.0,1.0,0.0,0.0,0.0,0.0,0.0,0.0,0.0,0.0,0.0,0.0,0.0,0.0,0.0,0.0,0.0,0.0,0.0,0.5,0.4,0.0,0.0,0.0,0.0,0.0,0.0,0.0,2.3,0.0,0.0,0.0,0.5,0.0,0.0,0.0,0.2,0.0,0.0,0.0,0.48,0.0,0.0,0.0,2.3,
10-17,0.1,0.0,2.3,0.0,0.0,0.0,0.0,0.0,1.8,0.0,0.0,0.0,0.0,0.0,0.0,0.0,0.0,0.0,0.0,0.0,0.0,0.0,0.0,0.0,0.0,0.0,0.2,0.3,0.0,0.0,0.3,0.0,0.0,0.0,0.0,2.2,0.0,0.0,0.0,0.1,0.0,0.0,0.0,0.1,0.0,0.0,0.0,0.28,0.0,0.0,0.0,2.3,
10-18,0.6,0.0,2.3,0.0,0.0,0.0,0.0,0.0,2.0,0.0,0.0,0.0,0.0,0.0,2.4,0.0,0.0,0.0,0.0,0.0,0.0,0.1,0.0,0.0,0.0,0.0,0.1,0.3,0.0,0.0,0.2,0.0,0.0,0.0,0.0,1.7,0.0,0.1,0.0,0.0,0.0,0.0,0.0,0.1,0.0,0.0,0.0,0.54,0.0,0.0,0.0,2.4,
10-19,0.5,0.0,2.3,0.0,0.0,0.0,0.0,0.0,2.2,0.0,0.0,0.0,0.0,0.0,2.9,0.0,0.0,0.0,0.0,0.0,0.0,0.2,0.0,0.0,0.0,0.0,0.3,0.4,0.0,0.0,0.0,0.0,0.0,0.0,0.0,1.2,0.0,0.2,0.0,0.1,0.0,0.0,0.0,0.1,0.0,0.0,0.0,0.48,0.0,0.0,0.0,2.9,
10-20,0.5,0.0,2.3,0.0,0.0,0.0,0.0,0.0,2.3,0.0,0.0,0.0,0.0,0.0,3.5,0.0,0.0,0.0,0.0,0.0,0.0,0.1,0.0,0.0,0.2,1.0,0.3,0.4,0.0,0.0,0.2,0.0,0.0,0.0,0.0,0.5,0.0,1.9,0.2,0.0,0.0,0.0,0.0,0.2,0.0,0.0,0.04,0.9,0.0,0.0,0.0,3.5,
10-21,0.5,0.0,2.3,0.0,0.0,0.0,0.0,0.0,2.4,0.0,0.0,0.0,0.0,0.0,3.4,0.0,0.0,0.0,0.0,0.0,0.0,0.0,0.0,0.0,0.2,1.8,1.0,0.3,0.0,0.0,0.8,0.0,0.0,0.0,0.0,0.8,0.0,2.2,0.2,0.1,0.2,0.0,0.0,0.1,0.0,0.0,0.14,1.64,0.0,0.0,0.0,3.4,
10-22,0.2,0.0,2.2,0.3,0.0,0.0,0.0,0.0,2.1,0.1,0.0,0.0,0.2,0.4,3.9,0.0,0.0,0.0,0.0,0.0,0.0,0.0,0.0,0.0,0.1,1.6,1.0,0.4,0.0,0.0,0.8,0.0,0.0,0.0,0.0,1.6,0.0,1.1,0.4,0.0,0.4,0.0,0.0,0.1,0.0,0.0,0.24,1.5,0.0,0.0,0.0,3.9,
10-23,0.1,0.0,2.2,2.0,0.0,0.0,0.0,0.0,2.1,0.1,0.0,0.0,0.2,0.4,3.6,0.0,0.0,0.0,0.0,0.0,0.0,0.0,0.0,0.1,0.2,0.9,0.9,0.5,0.0,0.0,1.2,0.0,0.0,0.0,0.0,0.8,0.0,0.0,0.4,0.0,0.4,0.0,0.0,0.1,0.0,0.0,0.2,1.14,0.0,0.0,0.0,3.6,
10-24,0.1,0.0,2.2,2.2,0.0,0.0,0.0,0.0,1.9,0.4,0.0,0.0,0.0,0.0,5.0,0.0,0.0,0.0,0.0,1.2,0.0,0.0,0.5,0.0,0.2,0.1,0.9,0.5,0.1,0.0,1.4,0.0,0.0,0.0,0.0,0.5,0.0,0.0,0.8,0.0,0.4,0.0,0.0,0.1,0.0,0.0,0.28,1.36,0.0,0.0,0.0,5.0,
10-25,0.1,0.0,2.1,1.5,0.0,0.0,0.0,0.0,1.8,1.4,0.0,0.0,0.0,0.0,5.3,0.1,0.0,0.0,0.0,2.1,0.0,0.0,0.8,0.1,0.5,0.0,0.7,0.6,0.9,0.2,1.6,0.0,0.0,0.0,0.0,0.1,0.0,0.0,0.7,0.0,0.5,0.0,0.0,0.1,0.0,0.0,0.5,1.58,0.0,0.0,0.0,5.3,
10-26,0.1,0.0,1.8,1.5,0.0,0.0,0.0,0.0,1.3,1.7,0.0,0.0,0.0,0.0,5.5,0.3,0.0,0.0,0.0,2.2,0.0,0.1,0.8,0.1,0.3,0.0,0.6,0.6,1.6,0.2,1.6,0.0,0.0,0.0,0.0,0.0,0.0,0.0,0.7,0.0,1.1,0.0,0.0,0.4,0.0,0.0,0.42,1.6,0.0,0.0,0.0,5.5,
10-27,0.1,0.0,2.9,1.8,0.0,0.0,0.0,0.0,1.2,1.8,0.0,0.0,0.0,0.0,5.5,0.8,0.0,0.0,0.0,2.0,0.0,0.1,0.8,0.2,0.2,0.0,0.6,1.9,2.4,0.2,1.9,0.0,0.0,0.0,0.0,0.0,0.0,0.2,0.7,0.2,1.7,0.0,0.0,1.9,0.0,0.0,0.64,1.9,0.0,0.0,0.0,5.5,
10-28,0.1,0.0,3.4,1.9,0.0,0.0,0.0,0.0,0.8,1.9,0.0,0.0,1.0,0.0,5.4,0.7,0.0,0.1,0.0,2.2,0.0,0.1,0.6,0.1,0.2,0.0,0.5,2.3,2.4,0.2,1.9,0.0,0.0,0.0,0.0,0.0,0.0,0.3,0.4,0.2,1.4,0.0,0.0,2.5,0.0,0.0,0.54,2.14,0.0,0.1,0.1,5.4,
10-29,1.0,0.0,3.9,2.0,0.0,0.0,0.0,0.0,0.7,2.1,0.0,0.0,1.6,0.0,4.9,1.0,0.0,0.4,0.1,2.1,0.0,0.1,0.6,0.2,0.2,0.0,0.4,2.2,2.3,0.0,0.8,0.0,0.0,0.0,0.0,0.0,0.0,0.7,0.0,0.0,1.0,0.0,0.3,2.9,0.0,0.0,0.7,2.1,0.0,0.2,0.1,4.9,
10-30,0.9,0.0,3.9,2.1,0.0,0.0,0.0,0.0,0.5,2.1,0.0,0.0,1.7,0.0,4.7,1.0,0.0,0.5,0.0,2.0,0.0,0.0,0.6,0.2,1.1,0.0,0.1,2.0,2.0,0.0,0.0,0.3,0.0,0.0,0.0,0.0,0.0,1.4,0.0,0.1,0.8,0.0,0.2,2.3,0.0,0.0,0.68,2.0,0.0,0.0,0.0,4.7,
10-31,0.9,0.0,5.0,2.7,0.0,0.0,0.0,0.0,0.3,2.2,0.0,0.0,2.1,0.0,4.7,1.0,0.0,0.2,0.0,1.9,0.0,0.0,0.8,0.3,1.1,0.0,0.1,0.5,1.8,0.0,0.0,0.3,0.0,0.0,0.0,0.0,0.0,1.6,0.0,0.1,0.2,0.0,0.4,2.2,0.0,0.0,0.44,2.06,0.0,0.0,0.0,5.0,
11-01,0.9,0.0,5.0,3.1,0.0,0.0,0.0,0.0,1.1,2.5,0.0,0.0,4.7,0.0,4.7,1.0,0.0,0.2,0.1,2.6,0.0,0.8,1.0,0.4,1.2,0.0,0.1,0.5,1.7,0.2,0.0,0.0,0.0,0.0,0.0,0.0,0.0,1.6,0.0,0.1,0.4,0.0,0.6,2.2,0.0,0.0,0.84,2.58,0.0,0.2,0.1,5.0,
11-02,0.7,0.0,6.4,2.4,0.0,0.0,0.0,0.0,1.1,2.6,0.3,0.0,5.2,0.0,4.4,0.9,0.0,0.2,0.0,2.3,0.0,0.8,1.4,1.7,1.2,1.0,0.2,0.6,1.0,0.3,0.0,0.0,0.0,0.0,0.0,0.0,0.0,1.7,0.0,0.3,0.4,0.0,1.3,1.2,0.0,0.0,1.0,2.38,0.0,0.3,0.3,6.4,
11-03,0.7,0.0,9.2,1.3,0.0,0.0,0.0,0.0,1.1,2.5,1.0,0.2,5.3,0.0,4.4,0.8,0.0,0.2,0.0,2.0,0.0,0.8,1.1,1.7,2.4,1.2,0.3,0.6,0.7,0.7,0.0,0.8,0.0,0.0,0.0,0.9,0.0,1.6,0.0,0.1,0.5,0.0,1.6,1.0,0.0,0.0,1.04,2.32,0.0,0.8,0.6,9.2,
11-04,0.8,0.0,12.6,1.0,0.0,0.0,0.0,0.0,1.4,2.7,0.8,0.5,5.4,0.0,4.8,0.5,0.0,0.3,0.0,1.9,0.0,0.8,1.0,2.7,1.9,0.8,0.4,0.6,0.4,0.8,0.0,1.2,0.0,0.0,0.0,1.1,0.0,1.6,0.0,0.0,1.8,0.0,1.6,1.3,0.0,0.0,1.04,2.54,0.0,0.7,0.5,12.6,
11-05,1.3,0.3,13.0,1.3,0.0,0.0,0.0,0.0,1.6,2.4,0.3,0.5,6.3,1.1,5.7,0.0,0.0,0.4,0.0,1.8,0.0,0.9,1.1,3.7,0.8,0.5,1.2,0.5,0.2,0.8,0.0,1.3,0.0,0.0,0.0,1.6,0.0,1.5,0.0,0.1,0.3,0.0,2.1,1.4,0.0,0.0,1.24,2.34,0.0,0.6,0.5,13.0,
11-06,2.3,1.1,13.0,2.6,0.5,0.0,0.1,0.0,1.8,1.7,0.2,0.5,6.3,2.2,6.1,0.0,0.8,1.1,0.0,1.7,0.0,0.9,1.1,5.4,0.3,0.5,1.3,0.7,0.0,0.9,0.0,1.9,0.0,0.0,0.0,2.3,0.0,1.5,0.0,0.2,1.5,0.0,2.2,0.9,0.0,0.06,1.58,2.54,0.0,0.8,0.8,13.0,
11-07,2.7,1.6,13.6,3.0,0.8,0.0,0.6,0.7,1.7,1.6,0.0,0.5,6.9,3.1,8.0,0.0,0.8,0.9,0.4,1.6,0.0,1.1,0.9,5.8,0.1,0.5,2.1,1.8,0.0,1.0,0.1,1.9,0.0,0.0,0.0,2.3,0.1,1.5,0.0,1.1,2.5,0.0,2.1,0.6,0.0,0.28,1.74,3.08,0.0,0.9,0.9,13.6,
11-08,2.7,2.3,13.9,3.4,1.3,0.0,0.6,1.2,1.7,1.4,0.0,0.5,7.1,5.1,8.4,0.0,0.8,0.8,0.4,1.6,0.0,1.3,0.4,6.1,0.2,0.3,1.2,3.1,0.2,1.2,0.2,3.2,0.0,0.0,0.0,2.3,0.1,1.5,0.0,2.1,2.9,0.0,2.1,1.1,0.0,0.26,2.1,4.76,0.0,0.8,1.2,13.9,
11-09,2.7,2.5,14.7,3.8,1.6,0.0,1.1,0.5,1.5,0.8,0.9,0.9,7.6,4.0,7.8,0.0,1.0,0.5,1.2,1.6,0.0,0.3,0.2,6.2,0.3,0.2,0.5,3.4,0.7,1.2,0.2,3.4,0.0,0.0,0.0,2.4,0.1,1.4,0.0,2.1,2.9,0.0,2.1,1.0,0.0,0.3,2.1,3.96,0.0,0.8,1.0,14.7,
11-10,2.7,2.6,15.3,4.0,2.1,0.0,1.3,0.0,0.0,0.4,0.9,0.9,7.8,4.4,7.8,0.0,1.5,0.3,1.3,1.5,0.0,0.0,0.1,6.2,0.6,0.3,0.3,3.8,0.9,1.2,0.3,3.5,0.0,0.0,0.0,3.0,0.3,1.2,0.6,3.3,3.0,0.1,1.9,1.0,0.0,0.3,2.3,4.32,0.0,0.8,0.9,15.3,
11-11,2.7,2.8,15.9,4.0,2.1,0.0,1.9,0.0,0.0,0.2,1.1,0.5,7.8,6.2,7.7,0.0,1.5,0.1,1.3,1.5,0.0,2.5,0.0,6.2,3.0,0.4,0.4,4.3,1.0,1.1,0.6,3.5,0.0,0.0,0.0,2.9,0.3,0.8,1.7,3.8,2.9,0.7,1.5,0.3,0.0,0.4,2.74,5.82,0.0,0.9,1.3,15.9,
11-12,2.7,2.9,16.3,4.0,2.0,0.0,2.9,0.3,0.0,0.0,1.7,0.5,8.5,5.4,7.3,0.0,1.7,0.0,1.2,1.5,0.0,3.2,0.0,7.0,4.1,0.5,0.4,4.5,1.2,2.1,1.6,3.1,0.0,0.3,0.0,2.9,0.4,0.8,1.7,4.1,2.9,2.3,1.4,0.2,0.0,0.46,2.9,5.22,0.0,1.2,1.7,16.3,
11-13,3.0,3.0,16.5,3.7,2.0,0.0,3.6,0.5,0.0,0.4,1.7,0.6,8.5,5.4,7.0,0.0,1.9,0.0,1.2,1.4,0.0,3.2,0.1,7.4,6.0,1.9,0.3,4.5,1.3,3.2,2.1,2.7,0.0,0.6,0.0,2.8,0.4,0.7,2.2,3.1,2.9,2.2,1.9,0.0,0.0,0.6,3.0,5.88,0.0,1.4,1.9,16.5,
11-14,3.0,5.4,16.6,4.0,2.4,0.4,3.7,1.2,0.6,0.7,1.5,0.7,8.8,4.8,6.7,0.0,0.9,0.0,1.2,1.1,0.0,3.2,0.1,8.6,8.0,1.9,0.6,5.6,1.5,5.3,2.2,2.4,0.0,0.0,0.0,3.8,0.4,0.6,4.2,3.1,2.9,2.2,2.2,0.1,0.0,0.7,3.4,6.48,0.0,1.2,2.2,16.6,
11-15,3.0,6.0,16.6,4.2,2.5,0.5,3.7,1.2,1.3,0.7,1.4,0.6,8.8,4.2,7.0,0.0,0.8,0.0,1.2,0.0,0.0,2.2,0.1,8.8,8.0,2.2,0.5,5.5,0.7,7.3,1.9,2.3,0.0,0.0,0.0,4.0,0.0,0.4,5.5,0.3,2.9,2.1,2.2,0.1,0.0,0.56,3.28,7.24,0.0,1.0,1.9,16.6,
11-16,3.4,6.1,16.6,4.9,2.8,1.0,3.9,1.1,1.6,0.7,1.4,1.1,9.4,3.6,7.0,0.0,0.7,0.0,1.2,0.1,0.0,2.5,0.1,8.9,8.9,2.3,0.2,6.6,0.1,7.2,1.9,3.9,0.0,0.2,0.4,4.9,0.0,0.3,7.4,0.1,2.9,2.4,2.2,0.0,0.02,0.58,3.72,7.36,0.0,1.2,1.9,16.6,
11-17,5.2,6.9,16.6,5.5,4.2,1.1,4.4,1.1,1.6,2.0,1.4,1.6,10.3,3.5,8.1,0.0,0.7,0.0,1.2,0.0,0.0,4.1,0.2,8.8,8.2,1.8,0.1,7.3,0.2,9.1,1.8,5.0,0.0,1.4,0.8,5.7,0.0,0.2,7.8,0.4,3.0,2.1,3.4,0.0,0.0,0.98,4.64,8.18,0.0,1.5,1.8,16.6,
11-18,5.5,7.3,16.8,5.9,4.7,1.1,4.5,1.0,1.6,2.4,1.6,2.3,10.3,3.2,9.0,1.2,0.7,0.0,1.2,0.0,0.0,2.1,0.2,8.7,7.9,1.6,0.1,8.3,1.7,10.6,2.0,5.8,0.0,0.5,0.7,6.4,0.1,0.0,7.7,0.6,3.0,1.9,4.0,0.0,0.02,1.06,5.02,8.62,0.0,1.6,2.0,16.8,
11-19,6.0,7.9,16.8,5.9,6.3,1.0,4.6,0.8,1.6,2.9,1.7,2.4,10.4,3.0,9.1,1.2,1.1,0.0,1.2,0.0,0.0,1.0,1.1,8.6,7.8,1.9,0.3,9.1,2.4,10.8,3.5,5.8,0.0,0.7,0.6,6.5,0.1,0.0,8.3,1.3,3.0,2.3,4.8,0.0,0.02,1.1,5.84,9.0,0.0,1.6,2.4,16.8,
11-20,7.6,9.6,17.6,6.9,6.9,0.9,5.6,0.5,2.0,4.4,2.6,2.0,12.2,2.9,11.1,2.1,2.0,0.3,1.2,0.0,0.0,2.0,1.2,8.5,8.0,2.3,0.4,11.1,2.6,10.9,5.1,5.7,0.0,0.8,0.6,7.6,0.1,0.0,9.2,1.6,2.9,3.0,5.4,0.0,0.14,1.44,6.18,10.64,0.0,2.0,2.6,17.6,
11-21,8.1,9.6,18.0,7.0,7.2,1.0,6.4,0.5,2.9,5.2,2.6,2.0,12.2,3.0,11.5,3.1,4.4,1.3,1.2,0.0,0.0,2.2,1.3,8.5,8.3,2.3,1.0,11.9,2.5,10.9,5.1,5.7,0.0,0.8,0.6,7.8,0.1,0.1,9.3,1.7,2.9,3.0,5.6,0.0,0.18,1.54,6.64,10.64,0.0,2.6,3.0,18.0,
11-22,8.1,9.8,18.1,7.6,8.5,1.6,7.4,0.6,4.0,5.3,5.1,3.5,12.2,2.8,11.8,3.2,6.5,2.2,1.2,0.4,0.0,2.9,1.4,8.4,8.8,2.4,1.4,12.4,3.2,12.3,6.1,5.4,1.5,0.9,0.6,8.1,0.2,0.5,9.4,1.7,2.9,3.0,5.6,0.0,0.6,2.0,7.48,11.4,0.0,3.2,3.5,18.1,
11-23,8.1,9.9,18.1,7.7,9.5,2.6,9.7,1.2,3.2,5.3,5.9,3.8,12.2,2.2,11.7,3.2,7.4,2.9,1.2,1.9,0.0,3.2,1.3,8.5,9.4,2.4,1.7,13.7,4.2,15.3,6.1,5.6,2.7,0.9,0.6,7.4,1.2,0.8,9.6,1.7,4.5,2.8,6.0,0.0,1.2,2.52,7.52,11.34,0.0,3.2,4.2,18.1,
11-24,8.3,11.7,19.1,7.7,9.1,3.3,10.3,2.0,2.4,5.6,5.9,4.0,13.2,1.5,12.4,4.0,7.8,2.9,1.9,2.4,0.0,3.2,1.1,8.5,11.9,2.3,1.6,14.0,4.3,15.7,6.6,5.1,4.7,1.0,1.1,6.7,2.5,0.8,9.9,2.7,4.5,3.0,6.2,0.0,1.18,2.62,7.74,12.3,0.0,4.0,4.5,19.1,
11-25,8.4,12.3,19.1,7.7,9.3,3.9,10.7,3.0,1.4,6.1,5.9,4.0,13.7,0.9,13.5,4.2,10.3,4.2,2.2,2.3,0.0,4.5,0.2,8.4,12.9,2.4,1.7,13.6,4.2,17.1,6.4,5.9,5.7,1.1,2.4,6.5,2.6,0.9,10.4,2.8,4.6,2.2,6.7,0.5,1.16,2.72,7.98,13.38,0.0,4.2,4.6,19.1,
11-26,8.5,13.3,19.3,8.4,10.1,3.9,11.9,3.3,2.3,6.2,5.9,3.7,12.7,1.4,14.2,4.4,12.5,4.3,2.8,2.6,0.0,5.8,0.3,9.4,13.4,2.5,1.7,13.4,4.6,17.3,6.4,6.2,4.0,1.2,2.5,6.7,2.6,1.7,11.4,3.0,4.8,2.8,6.9,1.5,1.7,2.92,8.44,13.38,0.0,4.4,4.8,19.3,
11-27,8.5,13.6,20.3,9.1,11.5,3.9,12.1,4.1,3.0,7.1,6.0,3.7,13.1,2.7,14.3,4.4,12.6,4.1,4.4,3.1,0.0,6.8,0.4,9.6,15.0,3.4,1.8,13.4,5.3,17.5,6.2,6.0,3.1,1.1,2.4,7.0,3.6,1.6,11.6,2.2,5.3,2.8,7.0,1.5,1.88,3.52,8.74,13.56,0.0,4.4,5.3,20.3,
11-28,9.1,13.9,21.6,9.3,11.8,3.9,13.7,4.0,3.3,7.2,6.1,3.9,14.9,5.0,14.4,4.4,12.7,4.3,5.0,3.2,0.0,7.2,0.8,9.6,15.3,3.7,1.9,13.6,5.5,18.6,6.1,5.7,2.3,1.1,3.7,7.4,3.6,1.6,11.7,1.5,7.1,2.9,7.0,2.0,1.66,3.82,9.18,14.3,0.0,5.0,5.7,21.6,
11-29,9.6,13.9,22.3,9.3,11.3,3.9,14.2,4.0,3.3,8.0,6.2,4.1,15.9,4.0,15.3,4.3,12.6,4.3,5.0,5.5,0.0,11.1,0.7,10.0,15.2,3.9,1.7,13.8,5.8,18.3,6.2,5.5,2.5,1.2,4.2,8.4,3.6,1.7,11.7,0.2,7.6,2.8,7.0,2.0,1.7,4.0,9.76,15.0,0.0,5.2,5.8,22.3,
11-30,9.9,13.9,23.3,9.3,12.0,3.9,14.3,3.9,4.2,8.0,6.5,4.7,19.2,2.3,15.8,4.4,13.1,4.4,5.3,6.5,0.0,11.8,1.0,11.4,15.7,4.0,0.7,13.7,5.9,18.6,6.3,5.2,2.8,1.1,4.2,8.8,3.4,1.7,11.6,0.0,9.3,3.2,7.1,2.0,1.22,4.12,10.5,15.42,0.0,5.2,6.3,23.3,
12-01,10.2,13.9,24.5,9.4,12.4,4.8,14.3,3.8,5.1,8.0,8.0,6.0,18.7,3.9,16.9,4.8,13.5,4.5,5.5,7.4,0.0,11.8,1.5,11.6,17.2,4.0,0.3,13.6,7.9,18.8,6.1,5.6,2.8,1.4,5.7,9.4,3.8,1.8,12.3,0.0,10.9,3.3,7.0,1.9,1.56,4.68,11.18,16.38,0.0,5.8,7.0,24.5,
12-02,10.6,14.9,24.6,9.6,12.7,6.5,14.3,3.6,6.5,8.3,8.1,7.5,19.7,5.7,18.0,4.8,16.5,5.7,5.5,8.8,0.7,12.0,1.6,11.9,17.2,5.0,0.3,13.7,8.1,18.7,6.5,5.6,3.0,1.9,5.8,9.7,4.0,1.9,12.3,0.0,11.1,4.7,6.8,2.2,1.9,5.56,11.42,17.06,0.0,6.5,7.5,24.6,
12-03,11.0,14.9,25.3,11.6,12.7,8.3,14.3,3.9,7.1,8.7,8.2,8.6,20.4,6.8,19.2,4.8,18.7,7.3,5.9,9.2,0.6,12.6,1.6,12.6,17.2,7.9,0.3,13.7,8.1,18.8,8.3,6.0,2.9,2.2,6.2,10.4,4.0,1.8,12.2,0.0,11.1,6.6,6.7,2.4,1.88,6.44,11.84,18.4,0.0,8.0,8.3,25.3,
12-04,11.5,15.2,25.3,12.2,12.8,8.6,14.3,3.8,8.0,8.6,8.2,8.6,20.4,7.9,19.3,4.8,18.8,7.3,5.9,9.6,0.7,12.6,1.7,13.0,17.1,8.5,0.4,13.7,8.2,18.7,9.2,6.0,2.9,2.6,7.5,10.6,4.0,1.6,12.1,0.0,11.2,7.5,6.7,2.4,1.88,7.06,12.14,18.38,0.0,8.2,8.6,25.3,
12-05,11.7,16.9,25.3,12.2,12.9,8.6,14.3,2.7,9.8,8.5,8.3,8.5,20.2,8.6,21.7,4.8,18.8,7.3,5.8,10.5,1.1,12.7,1.8,13.1,17.7,7.7,0.9,13.6,8.2,18.7,10.4,5.9,2.9,3.0,9.2,10.7,4.0,1.2,12.1,1.6,11.2,7.8,6.7,2.9,1.98,7.06,12.14,18.5,0.9,8.5,8.6,25.3,
12-06,12.1,16.9,25.3,12.6,13.1,8.7,14.7,2.5,10.0,8.4,8.3,8.5,20.0,9.3,23.9,4.8,19.7,8.2,5.8,11.4,1.1,13.6,2.2,13.4,17.5,7.6,0.9,13.5,8.1,18.7,11.0,5.8,3.1,4.9,9.6,10.6,4.0,1.1,12.1,1.7,11.3,6.7,6.8,2.6,2.26,6.76,12.3,18.46,0.9,8.4,9.3,25.3,
12-07,12.3,17.9,25.7,12.9,13.1,8.4,15.2,2.2,10.0,9.3,8.3,8.5,20.4,9.8,24.4,4.8,20.2,10.4,5.8,13.4,1.1,14.4,2.3,13.3,17.5,7.6,1.0,13.7,8.1,18.6,12.8,5.8,3.5,6.0,9.5,10.5,3.9,1.1,12.0,2.1,11.5,6.5,6.8,2.4,2.22,6.68,12.98,18.46,1.0,9.4,9.8,25.7,
12-08,12.4,18.5,26.0,13.1,13.1,8.5,14.5,2.1,10.0,11.0,8.4,9.0,20.4,10.0,25.5,4.8,21.9,10.3,5.8,13.3,1.1,14.4,3.6,13.3,17.4,7.6,1.2,13.8,8.7,18.7,14.9,5.8,3.3,7.6,9.5,10.6,3.9,1.4,11.9,2.0,11.6,7.7,6.8,2.4,2.34,7.6,13.18,18.66,1.1,9.8,10.0,26.0,
12-09,12.6,18.5,26.4,13.2,13.1,9.3,14.2,2.8,10.1,11.2,10.1,10.1,20.7,10.0,26.4,5.5,22.4,10.6,5.9,13.9,1.1,14.9,5.8,13.3,17.3,7.7,1.4,13.9,9.2,18.6,15.0,5.8,3.3,7.3,9.8,10.6,4.0,1.2,11.7,3.6,12.4,8.0,8.0,1.4,3.36,7.88,13.24,18.58,1.1,10.1,10.1,26.4,
12-10,12.6,20.1,26.4,13.3,13.1,11.8,14.0,3.1,10.2,11.5,10.7,12.0,20.8,10.3,26.5,5.8,22.4,11.3,6.4,14.2,1.2,14.9,6.7,13.3,17.4,7.8,1.5,13.6,11.2,18.6,15.4,5.8,3.2,7.5,11.1,10.5,4.3,1.1,11.9,4.6,13.3,10.4,7.9,2.4,3.42,7.86,13.3,19.8,1.1,10.9,11.3,26.5,
12-11,12.7,20.8,27.3,13.3,13.1,13.2,13.9,3.2,10.3,11.6,12.2,12.8,20.8,11.0,27.2,6.3,23.0,12.9,7.4,14.5,2.4,15.0,5.6,13.3,17.8,7.9,1.4,13.4,11.9,18.6,15.2,5.8,2.8,8.3,11.9,10.5,4.9,1.4,11.9,5.6,13.8,10.3,7.9,0.1,3.54,8.14,13.34,20.36,1.4,11.8,11.9,27.3,
12-12,12.7,20.8,29.0,13.4,13.4,13.7,13.9,3.2,10.7,13.3,12.3,12.8,20.9,11.1,27.5,6.3,24.6,13.7,7.4,14.7,4.2,15.1,5.1,13.3,19.3,7.7,1.4,13.0,14.7,18.6,15.9,5.8,2.6,8.3,12.9,10.4,7.3,2.1,12.3,8.9,13.8,10.0,8.0,0.0,4.38,8.66,13.74,20.5,1.4,12.6,12.8,29.0,
12-13,13.5,22.8,29.8,13.4,13.5,13.8,13.6,2.9,10.8,13.9,12.4,12.8,20.9,11.6,28.1,6.4,25.3,14.6,7.3,16.1,4.7,16.1,4.9,13.4,20.7,7.8,3.0,13.0,14.4,18.7,16.3,6.1,2.7,10.1,13.4,10.3,7.9,3.0,12.1,9.9,13.8,9.9,8.1,0.0,4.74,9.9,13.84,20.86,2.7,12.6,13.0,29.8,
12-14,13.9,24.3,30.7,13.5,13.8,13.8,13.6,2.9,10.8,14.0,13.2,12.8,21.0,12.1,28.9,6.4,25.4,15.9,7.4,18.9,5.1,18.4,5.2,13.3,23.4,8.3,3.4,13.5,13.5,18.7,16.4,6.1,2.8,11.7,13.4,10.2,8.8,3.9,12.5,10.2,13.8,9.9,8.6,0.0,5.12,10.08,13.84,22.92,2.8,13.0,13.3,30.7,
12-15,15.7,24.3,32.2,13.5,13.8,14.2,13.6,3.0,10.8,14.0,13.3,12.8,21.1,13.3,28.9,6.3,25.5,18.1,8.9,19.5,5.1,18.7,5.4,13.4,26.1,8.6,3.5,14.7,15.0,18.6,16.9,6.1,2.8,12.0,13.3,10.2,9.1,4.2,12.7,10.8,13.8,10.1,9.2,0.0,5.16,10.16,14.82,23.66,2.8,13.3,13.3,32.2,
12-16,17.0,24.5,32.4,13.6,14.1,14.2,13.6,3.1,10.9,14.1,13.3,12.8,21.9,13.5,29.8,7.3,25.7,19.0,9.0,20.8,5.1,20.1,5.1,13.3,27.5,10.0,3.4,15.7,15.5,18.9,17.8,6.1,2.8,12.3,13.3,10.5,9.4,4.4,13.8,10.9,13.8,10.1,9.7,0.0,5.1,10.34,15.58,23.98,2.8,13.3,13.5,32.4,
12-17,17.3,24.5,32.8,13.6,14.1,14.4,13.7,3.2,11.6,14.2,13.6,12.8,23.4,13.6,29.8,9.8,25.7,17.8,10.2,24.3,6.0,20.3,4.8,13.3,27.4,10.2,3.5,16.6,15.5,18.9,20.4,6.1,2.8,12.6,13.2,10.7,9.7,4.3,14.9,11.5,13.8,10.2,10.3,0.0,5.04,10.54,15.94,24.46,2.8,13.2,13.6,32.8,
12-18,18.3,24.6,33.0,13.7,14.1,14.4,13.8,3.2,13.6,14.3,13.8,12.8,24.8,13.7,29.8,10.5,25.8,19.0,10.7,22.9,6.1,21.2,4.5,13.2,27.4,10.8,5.4,16.7,15.5,18.8,21.5,5.8,3.1,14.9,13.3,11.0,10.7,4.3,16.4,12.0,14.2,10.1,11.9,0.4,5.48,11.54,16.52,24.76,3.1,13.6,13.8,33.0,
12-19,19.6,24.8,33.3,13.8,14.1,14.5,14.6,3.3,14.8,15.2,13.8,12.8,24.6,13.9,29.8,10.7,25.8,19.4,10.8,23.4,6.2,21.2,4.5,13.3,27.4,12.3,6.0,16.5,15.6,19.2,22.1,6.1,3.5,16.4,13.2,11.5,13.4,4.7,17.4,13.8,15.8,10.1,12.2,2.3,6.02,12.6,16.86,24.76,3.3,13.8,14.1,33.3,
12-20,20.1,24.8,33.3,13.8,14.3,14.6,14.8,3.4,14.9,15.4,15.5,12.8,27.7,13.9,30.2,10.9,25.8,19.5,11.1,23.3,6.3,21.7,4.9,13.7,27.5,13.9,6.0,16.5,15.7,19.1,23.9,6.3,3.9,16.6,14.5,13.8,13.8,7.0,19.6,14.0,16.3,10.4,12.1,3.2,6.3,13.76,17.6,25.6,3.4,14.7,14.6,33.3,
12-21,20.8,24.8,34.5,13.8,14.5,15.6,15.2,3.4,15.0,15.7,17.3,12.8,28.5,14.0,31.1,11.1,25.8,19.3,11.2,23.0,6.3,22.2,5.0,14.8,27.6,14.6,6.6,16.6,15.8,19.4,24.6,7.6,5.2,18.1,15.2,14.2,14.5,6.7,18.2,14.9,18.5,10.4,12.0,4.9,6.62,13.92,18.32,25.6,3.4,15.1,15.2,34.5,
12-22,21.1,24.8,36.6,13.8,14.7,16.0,15.2,3.4,15.0,15.7,18.4,13.0,27.4,14.0,31.4,11.9,25.8,19.2,11.3,22.8,6.3,22.4,5.3,15.1,28.4,14.7,7.4,17.2,15.8,19.8,24.6,7.9,4.9,20.1,15.2,14.2,14.5,6.7,19.0,15.1,18.8,10.4,12.4,5.4,6.84,13.92,19.08,25.6,3.4,15.2,15.2,36.6,
12-23,21.5,24.8,37.3,13.8,16.6,16.3,15.7,3.3,15.0,15.7,19.5,13.2,27.1,14.1,31.5,11.9,25.8,19.3,11.9,22.6,6.3,22.5,5.3,16.0,28.5,15.5,7.4,17.2,15.8,19.8,24.6,8.3,4.9,21.2,15.0,14.6,14.9,6.7,19.2,15.9,19.0,11.1,13.2,6.1,6.84,13.98,19.38,25.6,3.3,15.6,15.8,37.3,
12-24,21.6,24.8,38.3,13.8,17.3,16.5,16.1,3.3,15.0,15.7,19.7,13.2,27.0,14.2,32.8,13.0,25.8,19.0,12.4,22.4,6.4,22.5,5.3,16.1,30.0,17.0,7.5,17.4,15.7,19.8,24.8,9.1,5.2,23.7,15.4,14.6,16.2,6.8,19.2,17.3,20.6,11.2,13.5,6.2,6.94,14.04,19.74,25.6,3.3,15.9,16.2,38.3,
12-25,21.6,25.1,38.5,13.9,17.8,16.6,16.3,3.3,15.0,15.7,19.9,13.7,26.6,14.3,34.5,13.1,27.7,18.9,12.8,22.3,6.6,22.9,5.3,14.6,31.9,17.5,8.4,17.5,16.1,20.2,25.1,9.2,5.5,24.7,15.7,14.8,16.2,6.7,19.2,18.2,23.0,11.2,14.1,6.5,7.04,14.22,20.02,26.3,3.3,15.9,16.3,38.5,
12-26,21.8,25.1,38.5,13.9,18.6,16.6,16.3,3.3,15.2,15.7,20.7,14.1,27.3,14.4,34.8,13.4,30.4,18.6,12.8,22.1,7.1,23.3,5.5,14.2,32.3,18.4,8.7,17.3,16.2,20.6,25.9,9.2,5.5,24.8,15.7,15.1,16.2,6.8,19.6,19.1,21.4,11.7,15.6,6.5,7.42,14.32,20.64,27.02,3.3,16.0,16.3,38.5,
12-27,21.8,25.1,39.7,13.9,18.6,16.8,16.1,3.3,17.2,15.7,21.5,14.1,30.3,14.4,36.6,13.4,30.5,18.5,13.0,22.0,7.7,23.6,5.5,14.1,33.2,19.5,9.8,17.4,16.8,20.7,26.0,9.1,5.5,24.8,16.4,15.2,16.8,6.7,19.9,19.5,21.9,11.9,18.1,7.6,7.98,14.28,21.02,29.44,3.3,16.8,17.2,39.7,
12-28,22.0,25.1,40.4,13.9,18.8,16.8,16.3,3.3,17.3,15.7,21.8,13.9,30.2,14.4,37.6,14.2,34.5,18.6,13.0,21.9,8.9,23.8,5.5,15.3,33.6,20.3,12.2,17.3,18.5,23.8,26.7,9.4,6.9,25.0,18.0,15.4,16.8,7.1,19.9,19.5,22.5,12.0,19.1,8.1,9.0,14.94,21.84,29.5,3.3,17.3,18.0,40.4,
12-29,22.0,25.1,41.9,13.9,19.5,16.8,16.6,3.3,17.6,15.8,21.9,13.9,29.9,14.4,38.1,15.2,34.2,18.3,13.0,22.3,9.2,24.1,5.5,16.5,33.6,22.0,13.4,17.5,18.6,24.6,26.7,9.5,7.0,25.0,18.3,17.0,18.1,7.1,20.0,19.5,22.7,12.2,20.4,8.1,9.26,15.56,22.0,29.26,3.3,17.8,18.3,41.9,
12-30,22.0,25.1,44.1,13.9,20.6,16.8,18.3,3.3,17.7,15.8,22.1,13.4,29.6,14.7,41.4,14.7,34.0,18.4,13.2,22.2,9.4,24.6,5.9,17.4,33.8,23.3,14.7,17.5,19.3,24.0,26.7,9.4,7.4,24.9,19.7,16.8,18.7,7.1,20.4,19.7,22.7,12.2,21.1,8.1,9.4,15.36,22.14,29.02,3.3,18.0,18.7,44.1,
12-31,22.1,26.1,44.1,13.9,20.6,16.8,18.6,3.3,19.0,16.0,22.3,14.4,29.4,16.6,43.7,14.7,32.9,18.2,13.4,22.2,11.1,24.9,6.0,18.9,33.7,24.7,15.1,18.0,19.4,24.9,26.7,9.6,7.4,24.8,19.9,17.5,19.1,7.0,22.1,20.6,23.6,12.4,22.1,8.0,9.9,16.36,22.24,28.86,3.3,19.0,19.1,44.1,
01-01,22.1,26.1,44.1,14.8,21.1,16.8,18.8,4.2,19.8,16.8,22.4,15.9,29.2,16.6,45.0,14.6,33.4,19.0,13.9,22.4,11.3,25.2,6.0,19.9,33.7,24.9,17.4,19.3,19.4,24.5,26.7,9.8,7.5,24.9,20.4,17.5,19.2,7.3,23.4,20.7,24.3,12.5,22.1,8.0,10.1,16.8,22.8,28.7,4.2,19.4,19.8,45.0,
01-02,22.1,26.5,44.1,15.9,22.0,17.0,19.3,5.7,21.0,17.1,22.4,17.2,29.1,16.4,45.3,15.4,33.1,20.3,13.8,22.6,13.0,25.2,6.2,20.0,37.2,24.8,19.6,20.6,19.3,24.5,26.7,9.8,7.6,24.7,20.8,17.5,19.1,8.2,23.9,20.7,24.3,12.5,22.1,8.3,10.34,17.16,23.12,28.62,5.7,20.2,20.6,45.3,
01-03,23.3,27.2,44.1,17.0,23.3,17.1,19.8,6.2,21.0,17.2,22.5,18.3,29.1,16.2,46.8,15.6,33.1,20.9,13.8,23.0,14.2,25.2,6.2,20.2,39.5,25.5,20.0,21.7,19.3,24.8,26.7,10.9,8.0,24.7,20.8,17.3,19.0,8.5,26.5,21.6,24.3,12.8,22.3,8.4,11.28,17.26,23.7,28.72,6.2,20.5,20.9,46.8,
01-04,24.5,27.2,44.1,17.1,23.6,17.1,19.8,7.6,21.1,17.3,23.7,18.4,29.1,16.9,47.7,15.7,33.2,22.2,14.2,23.2,14.2,25.3,5.8,20.9,38.5,25.7,20.2,21.7,19.3,24.8,27.0,11.1,8.0,25.1,20.9,17.3,18.9,8.5,27.1,23.1,24.3,13.2,22.7,8.5,11.52,17.3,24.38,28.72,5.8,20.9,21.1,47.7,
01-05,24.8,26.1,44.1,17.6,23.6,17.5,20.1,8.4,21.2,17.7,24.1,18.5,29.1,17.9,48.2,16.1,33.2,23.3,15.0,23.3,14.9,26.2,5.9,21.0,38.8,26.0,21.3,23.3,19.1,26.1,27.4,11.3,9.1,25.6,20.9,17.4,18.6,9.1,29.2,24.2,24.3,14.0,23.4,9.2,11.84,17.82,24.5,29.18,5.9,21.1,21.3,48.2,
01-06,25.0,25.9,44.4,18.1,23.8,17.5,20.3,8.6,21.3,17.9,24.3,18.9,29.1,18.6,48.2,19.4,33.2,23.4,14.9,23.7,14.6,26.3,6.0,21.5,40.7,26.3,23.4,24.4,20.4,25.5,27.4,11.4,8.0,25.7,20.9,17.7,18.6,9.9,30.7,25.6,24.2,14.6,24.1,9.7,12.04,18.6,25.2,30.38,6.0,21.4,23.4,48.2,
01-07,25.8,25.8,44.4,19.5,23.8,17.5,20.6,9.9,21.5,18.0,24.3,19.1,29.1,19.4,50.7,20.8,33.6,23.4,14.8,29.2,14.6,26.3,6.7,21.2,41.3,26.4,39.5,23.7,19.6,25.5,27.7,11.5,7.9,25.7,20.9,18.3,19.5,11.8,31.3,34.4,24.2,15.8,24.0,11.5,12.36,19.46,25.8,34.24,6.7,21.4,23.4,50.7,
01-08,26.4,26.1,44.4,19.6,24.0,17.5,20.6,10.7,23.6,18.0,24.5,19.1,29.1,19.6,52.3,21.9,34.1,23.7,14.6,29.1,14.6,26.3,6.9,21.4,44.6,26.8,29.1,23.5,20.0,25.4,29.8,11.6,7.9,25.7,21.0,18.6,19.9,11.8,31.3,31.5,24.5,15.9,24.0,12.2,12.36,19.6,26.18,31.46,6.9,22.7,23.6,52.3,
01-09,28.1,26.3,44.4,19.8,24.0,18.3,22.5,13.0,24.5,18.0,24.5,19.6,29.1,19.3,52.3,22.3,34.1,25.4,14.8,25.3,14.6,26.8,6.9,21.7,44.7,28.1,24.1,23.8,20.6,25.3,31.1,12.7,7.9,25.6,21.6,18.9,20.3,12.6,31.5,31.2,24.7,18.1,24.1,13.2,13.32,19.72,25.48,31.44,6.9,23.0,24.0,52.3,
01-10,29.9,26.6,44.4,20.3,24.1,20.0,25.7,13.6,25.2,18.0,24.6,20.3,29.9,19.4,52.3,22.3,34.5,26.4,14.7,24.2,14.7,26.9,7.0,25.0,45.1,29.0,25.2,24.0,21.3,25.4,30.6,14.0,7.9,25.6,21.9,19.8,20.5,12.6,31.5,30.6,25.0,21.0,24.1,13.3,14.14,20.42,25.98,31.32,7.0,24.1,24.2,52.3,
01-11,30.0,27.7,44.4,20.3,24.1,20.8,26.7,13.6,26.3,19.2,24.7,20.8,30.3,19.7,52.3,22.3,34.8,27.0,14.8,23.8,14.6,29.0,7.0,27.6,45.1,31.7,26.3,23.7,21.3,25.6,30.5,15.1,7.7,25.5,22.1,20.3,20.7,14.4,31.5,30.3,25.1,21.3,24.9,13.3,14.64,20.8,27.24,31.66,7.0,23.8,24.7,52.3,
01-12,30.1,27.7,44.5,20.3,24.1,21.6,27.3,13.6,26.8,19.7,24.7,21.6,30.2,19.7,52.3,22.5,34.6,27.3,14.9,23.8,15.1,29.0,7.3,29.4,44.9,33.0,26.9,24.2,21.8,25.5,30.5,16.9,7.9,25.6,22.1,23.5,20.6,16.5,33.4,33.4,25.2,22.8,25.2,13.6,15.38,21.72,27.46,33.4,7.3,24.0,24.7,52.3,
01-13,30.5,27.7,44.5,20.1,24.8,22.1,28.0,13.6,27.2,19.7,24.8,21.6,30.6,19.7,52.3,23.3,34.4,27.7,15.0,26.1,15.8,29.0,7.6,31.2,44.7,34.1,26.7,24.5,25.3,25.5,30.4,19.2,7.8,26.9,22.1,22.6,20.7,18.0,37.1,31.3,26.4,22.6,25.2,12.8,16.24,22.1,27.82,34.34,7.6,25.0,25.3,52.3,
01-14,30.7,27.7,44.5,20.1,26.3,23.6,29.3,13.6,28.6,19.6,24.8,20.7,31.0,20.4,52.2,24.9,35.1,27.8,15.5,26.0,15.9,29.0,7.6,31.9,44.5,34.2,25.2,25.1,25.7,25.3,30.2,18.6,7.8,27.5,22.1,22.2,20.6,18.4,36.9,30.3,25.8,22.5,25.1,12.4,16.4,22.16,28.76,34.92,7.6,25.2,25.3,52.2,
01-15,30.9,27.7,44.7,20.1,26.6,24.6,30.6,13.7,29.3,19.6,24.9,20.4,31.4,19.8,52.2,27.7,35.9,28.9,15.5,25.9,15.9,29.7,7.5,32.8,44.4,36.2,25.1,25.7,24.3,26.3,30.2,18.4,7.9,27.8,22.0,21.8,20.7,19.3,36.1,29.7,25.8,22.3,25.1,12.3,16.4,21.92,29.46,36.06,7.5,25.4,25.8,52.2,
01-16,31.2,27.7,44.7,20.5,26.6,25.0,33.1,13.8,29.9,20.3,24.9,20.4,31.5,20.8,52.2,29.0,35.0,28.8,15.6,25.8,15.8,30.4,8.1,33.4,44.3,36.1,25.0,27.5,24.5,26.6,30.2,18.2,8.6,28.0,22.0,21.7,20.6,19.3,35.8,29.2,26.3,22.3,25.1,12.3,16.28,21.88,29.48,35.64,8.1,25.4,26.3,52.2,
01-17,31.7,27.7,44.7,22.1,26.6,25.1,35.0,13.8,30.3,19.3,24.9,20.3,31.8,21.1,52.3,30.1,37.3,29.1,15.6,25.8,15.8,30.4,8.8,35.7,44.4,36.1,25.0,26.8,24.5,27.4,30.3,18.4,8.7,29.7,22.0,21.9,20.5,19.8,35.4,29.1,26.4,22.5,25.1,12.3,16.32,22.06,30.18,36.02,8.7,25.4,26.4,52.3,
01-18,31.8,27.7,44.9,23.3,26.8,25.3,35.8,13.8,30.5,19.1,25.0,20.3,32.4,21.7,53.9,31.6,39.3,29.0,15.6,25.7,15.8,30.4,9.5,36.1,44.4,36.1,25.0,26.8,23.7,29.5,30.3,18.3,9.5,30.2,23.8,22.7,21.2,19.9,35.7,29.0,26.5,24.1,25.2,12.3,16.3,23.54,30.34,36.1,9.5,25.4,26.5,53.9,
01-19,32.1,27.7,45.1,25.5,27.1,25.3,35.8,13.8,30.5,19.2,25.1,20.3,33.7,21.9,54.2,31.8,41.0,28.9,15.8,26.3,15.8,30.9,7.9,36.1,45.0,36.1,25.0,26.8,23.7,31.0,30.4,18.3,10.7,30.4,24.8,22.7,22.4,20.4,35.6,29.2,27.8,24.7,25.1,12.2,16.3,24.3,30.66,36.1,7.9,25.7,26.8,54.2,
01-20,32.6,27.7,45.4,25.3,27.1,25.3,35.9,13.8,30.5,19.3,26.5,20.4,33.7,22.8,54.6,32.5,41.4,28.8,15.9,27.8,15.9,30.9,7.1,37.1,45.6,37.2,25.0,26.8,23.5,32.3,30.4,18.4,11.1,30.9,25.1,23.4,23.0,20.4,35.6,29.2,28.0,24.9,25.1,12.3,16.4,24.34,30.9,37.18,7.1,26.6,27.1,54.6,
01-21,32.7,27.8,45.4,25.1,27.1,26.3,36.7,13.8,30.9,19.6,28.1,20.4,33.7,24.5,54.9,32.8,41.9,28.9,15.8,30.1,15.9,31.1,6.8,38.8,45.8,37.2,25.0,26.7,23.9,33.2,30.5,18.5,11.2,31.9,25.1,24.0,23.0,20.3,35.5,30.4,28.1,24.9,25.1,12.6,16.42,24.74,31.42,38.48,6.8,27.4,27.8,54.9,
01-22,32.8,28.3,45.4,25.1,27.1,26.3,37.1,14.7,31.1,20.2,28.6,20.4,33.7,25.3,55.2,33.2,43.2,29.5,16.7,30.9,16.8,31.3,6.6,39.0,45.8,37.2,25.0,26.8,24.4,34.7,30.7,18.4,11.1,34.0,25.2,24.6,23.1,21.3,35.7,30.1,28.8,25.7,25.1,12.9,17.12,25.06,31.9,38.64,6.6,27.7,28.3,55.2,
01-23,33.8,28.9,45.4,26.7,27.1,26.9,37.5,16.2,31.2,21.3,28.9,20.6,33.7,26.2,55.7,33.7,43.8,29.6,16.6,32.0,18.6,31.3,6.1,39.3,46.5,37.3,25.0,26.7,24.1,35.5,30.7,18.5,11.3,34.5,25.4,25.2,25.6,23.0,35.7,29.8,28.9,26.8,25.2,12.9,18.52,25.32,32.68,38.94,6.1,27.8,28.9,55.7,
01-24,33.9,30.0,45.4,27.9,27.3,26.9,37.7,16.4,31.3,21.6,29.5,20.7,33.7,27.6,57.4,35.1,43.9,29.6,16.5,32.9,18.7,31.6,5.7,39.4,46.4,37.1,25.0,27.2,24.1,35.5,30.9,18.5,11.1,35.2,25.3,27.4,23.8,24.2,35.7,29.7,28.9,27.5,25.4,12.7,18.54,25.36,33.22,39.06,5.7,28.6,28.9,57.4,
01-25,34.2,30.7,45.4,27.9,28.8,26.9,37.9,16.6,31.4,20.5,29.4,20.7,33.7,28.7,57.7,36.7,43.9,29.6,16.5,35.0,19.1,31.7,5.5,39.4,45.9,37.1,25.2,28.4,24.6,39.5,31.0,18.6,10.0,35.5,25.2,28.3,23.5,23.6,35.9,29.6,28.9,28.8,25.7,11.9,18.7,25.5,33.9,39.48,5.5,29.0,28.9,57.7,
01-26,34.7,31.0,45.4,27.9,29.5,26.9,38.0,18.6,31.5,20.7,29.4,20.7,33.7,29.2,57.7,36.9,43.9,29.9,16.6,36.8,18.9,31.9,5.3,39.6,45.8,37.1,25.2,28.8,24.2,38.8,31.8,18.6,9.8,35.5,25.4,29.0,23.7,23.7,36.0,29.4,29.0,29.1,25.9,11.2,18.66,25.7,34.1,39.44,5.3,29.3,29.4,57.7,
01-27,35.1,31.8,45.4,28.1,31.1,26.9,38.6,19.3,31.7,20.9,29.0,20.7,34.2,29.4,57.7,37.3,43.9,30.5,16.6,37.3,18.0,33.9,5.4,40.4,45.8,38.0,25.2,28.8,23.9,39.2,32.0,18.8,9.7,36.4,25.6,30.4,23.8,24.2,36.0,29.4,29.3,29.2,25.8,10.9,18.9,25.72,34.56,40.16,5.4,29.9,29.4,57.7,
01-28,35.7,31.4,45.5,27.9,31.5,27.0,38.7,22.1,32.2,23.3,28.8,20.7,34.4,29.7,58.3,37.4,45.4,30.6,16.6,37.3,18.3,35.1,5.2,41.2,45.8,38.2,25.2,28.8,23.8,39.1,33.0,18.7,9.7,35.3,25.6,32.1,23.9,25.4,36.0,29.8,30.2,28.7,25.6,10.9,19.1,25.6,35.18,40.78,5.2,30.2,30.2,58.3,
01-29,35.7,31.4,45.7,27.7,32.1,27.7,38.8,25.4,32.2,23.8,29.1,20.7,34.9,30.9,59.4,37.4,47.9,30.6,16.6,37.3,18.3,35.4,5.1,44.0,45.8,39.3,25.9,28.7,24.2,38.9,34.7,18.9,9.6,37.2,25.8,32.3,24.0,25.9,36.1,29.6,30.5,27.7,25.5,11.7,19.26,25.9,35.52,43.06,5.1,30.8,30.6,59.4,
01-30,35.7,31.4,45.9,27.7,32.4,28.4,38.0,26.7,32.2,24.4,29.4,20.7,39.5,31.1,59.9,37.7,48.3,30.7,17.2,37.4,19.8,36.5,5.2,46.9,45.8,41.8,26.5,28.7,24.3,42.9,36.0,21.0,9.9,37.0,25.9,34.0,24.0,26.8,36.2,28.9,30.7,26.6,25.4,13.0,20.76,26.66,36.32,45.22,5.2,30.9,30.7,59.9,
01-31,35.7,31.4,46.0,28.2,32.9,28.8,38.4,28.0,32.2,24.5,29.6,20.7,43.2,31.1,61.4,37.8,48.5,30.9,18.9,39.0,19.9,37.7,4.9,49.3,45.8,43.3,26.7,29.0,24.4,41.1,37.1,22.2,9.6,37.3,26.0,33.2,23.8,27.4,36.2,30.1,30.7,25.7,25.3,12.7,21.0,27.12,37.18,45.3,4.9,31.0,30.9,61.4,
02-01,35.9,31.1,46.0,28.2,36.1,29.0,39.1,28.9,32.9,24.0,29.7,20.7,45.6,31.1,61.1,37.8,49.4,31.9,19.2,39.9,19.6,38.7,4.7,49.7,45.7,45.3,26.7,29.1,24.6,40.2,37.2,22.6,9.4,37.4,26.2,33.7,23.7,27.6,36.2,30.9,30.6,24.9,27.1,12.3,21.08,27.4,37.28,45.68,4.7,31.5,31.1,61.1,
02-02,36.0,31.5,46.0,28.2,36.2,29.1,39.6,30.3,32.9,23.9,29.8,20.7,41.1,31.1,61.8,37.8,50.6,35.2,19.1,40.2,19.8,37.6,4.7,51.4,45.7,47.1,26.7,29.3,24.6,40.3,36.5,22.7,9.5,37.5,26.3,35.1,24.5,27.3,36.3,31.2,30.6,24.4,27.7,12.5,21.1,27.54,36.9,45.94,4.7,32.0,31.2,61.8,
02-03,36.1,31.5,46.1,28.4,36.2,29.8,39.9,31.4,33.3,23.7,29.9,20.7,38.2,31.1,61.4,37.9,52.6,35.6,20.6,40.1,20.4,38.0,4.6,52.8,45.7,47.3,26.6,29.4,24.5,40.2,36.2,22.7,9.8,37.3,26.3,35.5,23.4,26.8,36.2,31.4,30.8,24.5,27.6,12.7,21.1,27.28,36.64,46.02,4.6,32.2,31.4,61.4,
02-04,36.2,31.5,46.2,28.4,37.0,30.4,40.1,32.4,33.3,23.7,30.0,20.7,36.9,31.5,61.4,37.9,53.2,35.7,20.9,40.5,20.8,38.0,4.5,53.2,45.9,47.2,26.4,29.5,24.6,40.2,36.4,22.7,10.0,37.9,27.0,34.4,23.9,27.0,36.5,31.7,31.0,24.8,27.5,12.5,21.26,27.3,36.94,46.14,4.5,32.4,31.7,61.4,
02-05,36.3,31.5,46.4,28.4,37.1,30.4,40.2,33.3,34.2,23.8,30.1,20.7,36.1,31.6,61.4,38.0,54.7,35.8,22.7,40.5,20.9,38.5,5.2,54.6,46.2,47.7,26.3,29.6,24.1,40.1,36.7,22.8,10.1,38.7,28.8,33.2,24.3,28.4,37.7,32.1,31.8,25.1,27.2,12.1,22.72,28.4,37.34,46.36,5.2,32.4,32.1,61.4,
02-06,36.3,31.5,47.3,28.5,37.1,30.6,40.3,34.9,34.2,23.8,30.3,20.7,35.4,34.3,61.4,38.0,55.9,36.0,22.8,40.8,20.9,38.7,5.6,54.6,46.0,49.7,26.2,30.0,23.9,40.0,37.6,22.8,10.3,39.3,31.1,33.0,24.5,31.2,39.0,32.3,32.2,25.2,27.2,12.0,22.8,29.4,37.76,47.04,5.6,33.6,33.0,61.4,
02-07,37.4,31.5,47.3,28.5,37.1,31.1,40.6,35.5,34.1,23.9,30.4,20.9,35.1,38.6,61.6,37.9,57.4,36.1,23.0,41.8,21.0,38.8,5.9,54.4,46.1,51.5,26.1,30.2,24.3,40.0,38.4,23.0,9.7,39.8,32.2,33.0,24.5,32.3,40.8,32.3,33.1,25.6,27.2,11.9,23.0,29.52,38.48,47.06,5.9,33.6,33.1,61.6,
02-08,37.8,31.6,48.4,28.6,37.2,31.7,40.7,38.1,34.0,24.4,30.4,21.1,34.9,36.2,61.6,37.8,59.0,36.5,22.9,42.7,21.0,39.6,5.9,54.3,46.0,54.3,26.0,30.3,25.3,40.0,39.0,23.2,9.6,39.7,32.3,32.9,24.4,32.2,43.0,32.2,34.9,25.7,27.2,12.3,22.96,29.62,38.46,47.92,5.9,33.4,34.0,61.6,
02-09,38.3,31.8,48.6,29.7,37.2,32.5,40.9,39.1,33.7,24.7,30.5,21.2,34.8,34.0,61.6,38.4,59.7,39.1,23.1,44.0,21.0,39.7,5.8,54.4,45.9,58.7,25.9,30.3,25.3,40.1,38.9,23.5,9.3,39.6,33.7,33.0,24.9,32.6,43.3,32.2,35.3,26.0,27.6,11.9,23.18,30.06,39.1,48.06,5.8,33.7,33.7,61.6,
02-10,38.9,32.9,49.8,29.7,37.2,33.5,41.0,39.4,33.6,24.8,30.7,21.8,34.7,34.6,61.6,38.8,59.8,37.9,23.2,44.0,21.1,39.9,5.4,54.3,46.0,59.8,26.5,30.4,25.4,40.4,39.0,23.8,9.1,39.5,37.4,32.6,24.9,32.5,43.4,32.3,35.3,26.2,27.7,12.3,23.32,30.12,39.16,49.04,5.4,34.1,34.6,61.6,
02-11,40.1,33.6,51.8,29.7,37.2,33.7,41.1,43.0,33.8,24.8,30.7,22.4,34.6,33.7,61.8,38.9,60.4,37.6,23.2,44.4,21.2,39.9,5.5,54.2,46.1,61.9,27.3,30.8,25.2,40.4,39.0,25.6,8.6,40.0,36.1,32.7,25.7,32.6,43.5,32.2,35.6,26.3,27.8,12.3,23.52,30.3,39.94,50.66,5.5,33.8,33.8,61.9,
02-12,40.2,35.6,53.7,29.7,37.5,34.2,41.3,43.3,34.6,24.9,30.7,22.6,35.1,31.1,62.8,38.8,60.4,37.7,23.2,44.5,21.2,39.9,5.6,54.1,46.5,62.7,27.9,31.4,24.9,40.6,39.2,26.9,8.4,40.4,36.4,32.9,27.8,32.8,44.0,32.2,35.6,26.8,28.0,12.2,23.54,30.3,40.02,52.26,5.6,33.8,35.1,62.8,
02-13,40.3,36.6,53.6,29.7,37.5,34.9,41.4,43.3,35.2,24.9,30.7,23.1,35.5,31.0,65.2,41.0,60.5,38.1,23.2,44.5,21.3,40.2,5.9,54.0,46.5,63.7,28.3,32.0,26.1,40.7,40.5,29.9,7.9,39.3,36.3,33.0,29.6,32.9,44.6,32.1,35.7,27.3,28.2,12.2,23.54,30.38,40.38,52.18,5.9,34.1,35.5,65.2,
02-14,40.5,37.3,53.5,30.4,37.8,35.5,41.5,43.9,35.4,24.8,30.7,24.7,37.3,30.9,68.4,41.6,60.7,38.1,23.2,44.5,21.2,40.2,6.7,54.6,46.7,64.7,28.3,32.3,26.5,40.8,39.9,30.4,7.6,39.5,36.1,33.1,30.0,33.4,44.7,32.0,37.9,27.5,28.3,12.5,24.72,30.58,40.32,52.14,6.7,34.4,36.1,68.4,
02-15,41.0,37.7,54.2,31.4,37.9,36.3,41.6,44.8,34.4,24.9,30.9,25.6,37.3,30.7,75.5,41.7,60.7,38.9,23.3,44.4,21.2,40.2,7.0,54.8,47.4,64.8,28.3,32.9,27.0,41.1,39.9,31.1,7.3,39.6,35.7,34.1,30.4,34.3,44.7,32.2,37.8,27.6,28.4,12.8,25.04,31.02,40.52,52.84,7.0,34.4,36.3,75.5,
02-16,41.7,38.1,54.2,33.6,38.2,37.5,41.7,46.2,34.3,25.2,30.9,27.0,37.3,30.3,70.9,42.2,60.9,39.1,24.0,44.4,21.3,40.3,7.2,54.6,54.5,65.4,28.3,32.5,27.4,41.2,39.9,32.0,7.3,38.2,38.8,34.5,30.6,35.4,44.7,32.4,38.0,27.6,29.0,12.8,25.56,31.56,40.66,54.44,7.2,35.0,37.5,70.9,
02-17,42.6,38.1,54.2,34.7,38.6,37.5,43.2,46.8,34.2,25.2,30.9,27.7,37.8,30.0,68.0,42.2,61.9,39.2,25.0,44.5,22.0,40.3,7.3,54.5,50.5,65.8,28.3,33.5,27.5,41.5,41.2,33.8,7.3,37.5,38.0,36.4,30.8,37.3,47.2,32.4,37.9,27.7,30.0,13.0,25.66,31.8,41.32,53.46,7.3,36.8,37.5,68.0,
02-18,42.9,38.2,54.2,35.8,39.0,38.4,44.5,47.1,34.1,25.6,31.0,27.9,39.7,29.8,67.7,42.3,62.9,39.2,24.9,44.9,22.4,40.7,7.3,54.2,49.5,65.8,28.3,33.3,27.5,42.3,41.2,36.5,7.0,38.0,37.2,39.2,31.0,37.7,45.6,32.5,38.5,27.8,30.7,13.0,25.98,31.9,41.64,53.26,7.0,37.4,38.2,67.7,
02-19,43.1,38.7,54.2,36.0,39.2,38.5,44.8,47.4,35.5,27.1,31.0,28.3,45.1,29.0,69.0,42.5,64.0,39.3,25.2,45.1,22.5,41.4,7.3,54.3,49.8,65.7,28.3,33.3,27.6,44.9,41.2,38.6,6.8,38.2,37.5,39.6,31.0,37.7,47.2,32.6,38.7,28.0,31.0,13.2,27.2,31.96,42.74,53.32,6.8,38.0,38.6,69.0,
02-20,43.8,39.0,55.5,35.9,39.3,38.6,45.1,47.8,36.3,27.5,31.3,28.6,45.1,29.2,72.0,42.8,65.2,39.3,25.2,45.7,23.0,41.9,7.3,54.3,51.6,65.7,28.3,33.3,27.7,45.3,41.2,40.0,7.1,39.3,38.0,39.7,32.0,37.7,46.8,33.4,39.7,28.0,31.8,13.3,27.54,32.78,43.2,53.76,7.1,38.6,39.3,72.0,
02-21,43.8,39.3,55.9,36.2,39.3,38.7,45.4,49.3,35.4,28.2,31.4,28.7,45.1,29.6,72.9,43.8,65.4,39.3,25.2,45.7,25.5,41.9,7.3,54.4,54.1,65.7,31.7,33.4,27.8,46.1,41.3,41.4,6.8,39.9,38.4,39.8,32.3,37.7,46.9,34.4,41.7,28.5,32.0,13.3,27.88,32.96,43.8,54.34,6.8,38.8,39.3,72.9,
02-22,43.8,40.0,56.6,38.1,39.3,38.7,45.8,49.3,35.0,30.0,31.4,29.7,43.3,30.1,72.9,44.8,65.5,39.7,25.3,52.6,26.3,41.9,7.3,54.7,54.1,65.7,29.9,33.2,28.3,54.9,42.8,42.1,6.8,40.4,38.6,39.9,32.3,37.5,50.1,34.8,43.0,28.8,32.5,13.5,28.4,32.92,43.5,54.86,6.8,39.2,39.7,72.9,
02-23,43.8,40.7,57.4,39.5,39.7,38.8,46.1,49.3,34.9,29.8,31.4,31.1,41.4,31.7,72.8,45.1,68.1,40.4,25.4,53.9,26.5,42.0,7.2,56.1,54.1,65.7,30.0,33.2,30.0,54.0,44.8,42.5,6.9,40.7,38.7,40.0,33.0,37.6,52.5,35.0,43.3,28.9,35.2,13.7,29.08,34.22,44.2,55.7,6.9,39.4,40.0,72.8,
02-24,43.8,41.4,58.0,39.0,39.7,38.8,46.4,49.6,34.8,30.3,31.4,32.6,40.5,32.4,72.7,45.2,70.0,40.5,25.6,51.5,26.5,42.0,7.3,58.4,54.3,65.6,30.5,33.3,31.1,51.8,46.3,43.6,6.7,40.9,38.6,40.3,33.1,39.6,49.6,35.1,43.2,29.0,34.7,14.5,29.26,34.14,44.36,57.26,6.7,40.0,40.3,72.7,
02-25,43.8,41.6,58.7,37.5,39.8,38.8,46.4,49.6,34.8,29.8,31.4,32.8,40.1,34.3,72.7,45.2,74.9,40.6,25.8,50.5,26.6,42.0,7.2,58.5,55.7,65.7,31.6,34.1,31.4,52.0,46.5,45.1,6.3,40.9,38.6,41.2,33.1,39.6,50.0,35.1,43.3,29.2,34.4,14.7,29.32,34.36,45.14,57.94,6.3,39.8,40.1,74.9,
02-26,43.9,41.9,58.7,36.8,39.8,38.9,46.6,49.6,34.7,29.3,31.3,33.5,40.2,34.7,72.7,46.6,72.5,41.3,25.8,49.7,26.9,42.2,7.2,58.5,55.8,66.0,30.0,34.5,31.3,53.5,47.8,45.4,6.4,40.9,38.8,43.2,33.1,39.6,51.8,35.1,43.4,31.4,35.6,15.0,29.44,34.7,45.88,57.96,6.4,39.9,40.2,72.7,
02-27,44.2,41.9,58.7,34.0,40.1,38.9,46.6,49.6,34.7,29.2,31.3,33.8,40.2,35.6,73.7,46.9,72.3,41.9,25.8,49.2,26.9,42.3,7.2,58.6,56.0,65.8,29.7,34.8,31.6,54.1,47.8,45.2,7.0,40.9,39.1,43.3,33.0,39.6,52.7,35.6,44.4,32.6,35.4,15.3,29.3,34.76,45.76,58.08,7.0,39.9,40.2,73.7,
02-28,44.2,42.4,58.7,33.8,40.3,38.9,46.7,49.8,34.8,29.3,31.4,34.4,40.6,35.9,73.8,46.9,75.2,42.3,25.8,49.0,26.9,42.5,7.1,60.3,56.2,66.1,29.7,35.0,33.7,54.1,48.1,45.1,7.6,41.3,40.2,44.0,33.0,39.5,52.7,37.2,44.8,33.9,35.2,15.4,29.38,34.92,45.74,58.2,7.1,40.4,40.6,75.2,
02-29,,42.7,,,,38.9,,,,29.3,,,,35.9,,,,42.8,,,,42.6,,,,67.3,,,,54.1,,,,41.9,,,,39.9,,,,35.8,,,29.38,34.92,45.74,58.2,7.1,40.7,40.6,75.2,
03-01,44.2,42.8,58.7,33.2,42.3,38.9,46.8,50.1,34.9,29.3,31.4,35.2,41.3,35.9,73.9,47.8,76.4,43.5,25.9,48.9,27.3,42.7,7.1,59.4,57.1,68.0,30.6,35.0,36.3,55.2,51.1,45.0,7.6,42.2,40.6,44.4,33.0,40.9,54.3,45.4,45.0,35.7,35.1,15.4,29.56,35.5,45.96,58.38,7.1,41.1,42.3,76.4,
03-02,44.1,43.5,59.1,31.6,43.5,38.9,47.7,50.3,36.0,29.3,32.3,35.3,42.0,34.6,76.1,48.3,77.1,43.7,26.6,48.7,27.4,42.7,7.2,59.6,57.8,69.5,31.7,35.0,36.9,55.7,50.8,45.6,7.5,44.3,41.6,44.6,33.0,41.1,54.4,41.5,45.2,36.2,35.0,,29.76,35.72,46.44,58.84,7.2,41.8,42.7,77.1,
03-03,44.1,43.5,59.2,31.1,46.0,39.2,47.9,50.4,37.5,29.1,32.6,36.0,42.0,34.4,77.2,49.1,77.5,44.1,27.0,48.6,27.9,42.7,7.1,59.8,58.1,69.5,31.7,36.5,37.4,57.0,49.8,47.4,7.6,45.3,42.2,44.9,33.0,42.3,54.8,40.0,46.4,36.4,35.0,,29.5,36.46,47.6,58.98,7.1,42.2,42.7,77.5,
03-04,43.9,43.5,59.5,31.4,46.5,39.2,47.9,50.7,39.4,29.4,33.1,36.1,42.0,34.8,78.4,49.4,78.5,44.5,27.0,48.5,27.9,43.7,7.2,59.8,58.2,70.9,32.7,35.5,38.4,59.1,49.6,50.3,7.7,46.1,43.3,45.0,33.0,42.6,54.9,39.5,47.7,36.6,35.3,,29.8,36.4,48.14,59.42,7.2,43.0,43.5,78.5,
03-05,44.0,43.5,59.8,31.8,45.4,39.4,48.3,50.9,40.0,29.2,35.0,36.1,42.0,35.0,79.2,49.4,79.4,45.0,27.0,48.4,28.1,44.7,7.2,59.9,58.0,71.6,33.4,35.5,38.9,58.4,49.6,52.0,7.3,45.0,43.7,46.0,32.9,42.3,55.2,39.1,47.8,37.0,35.7,,29.72,36.64,48.34,59.52,7.2,43.0,43.7,79.4,
03-06,44.2,43.5,60.0,31.8,45.4,40.9,49.1,51.4,40.8,29.1,34.6,36.1,42.0,35.2,79.6,49.4,79.5,45.1,27.0,49.2,29.9,45.9,7.0,60.0,58.2,71.5,35.4,35.5,39.2,58.3,49.6,53.5,6.9,45.0,44.2,46.3,32.8,42.2,55.8,39.0,47.8,37.0,35.9,,30.28,36.64,49.14,59.66,6.9,43.2,44.2,79.6,
03-07,44.3,43.5,60.4,32.5,45.1,41.5,49.3,51.7,40.9,28.9,34.2,36.1,42.0,35.6,80.8,49.4,79.6,45.1,27.0,49.6,31.2,46.1,7.1,60.0,57.9,71.5,35.5,35.5,39.1,58.2,50.2,52.5,6.9,45.0,45.2,46.3,33.0,42.5,56.4,38.8,48.0,37.0,35.8,,31.46,36.64,49.34,59.64,6.9,43.8,44.3,80.8,
03-08,44.6,43.5,60.6,33.1,44.9,41.6,49.4,52.1,41.3,28.8,34.1,36.0,42.0,34.5,82.0,49.4,79.6,45.2,27.0,49.9,32.9,46.9,6.6,60.9,58.6,71.6,37.4,35.6,39.1,58.0,50.7,51.2,6.8,45.5,47.1,46.3,33.4,42.6,55.9,38.7,48.2,37.0,35.9,,32.94,37.24,49.4,60.2,6.6,43.9,44.6,82.0,
03-09,45.1,43.5,60.6,33.5,44.9,43.0,49.4,53.5,41.3,28.7,34.1,35.8,42.0,33.5,82.3,50.0,80.0,45.4,27.7,50.4,33.7,46.9,6.4,62.9,59.0,71.7,37.7,35.9,39.5,57.8,50.6,54.0,6.8,45.6,48.6,48.0,33.4,42.8,55.7,39.0,48.3,37.3,36.0,,33.42,37.54,49.64,60.28,6.4,44.1,44.9,82.3,
03-10,44.0,44.5,60.6,33.5,45.5,43.5,50.3,54.7,41.6,28.8,34.1,35.6,43.3,32.1,84.5,51.9,80.1,45.4,27.6,50.5,36.8,47.2,5.7,63.9,59.0,71.6,38.3,35.9,42.1,57.9,50.6,52.0,6.9,47.4,51.6,48.6,33.6,42.9,56.1,39.0,48.8,37.6,36.6,,32.38,38.02,50.54,60.28,5.7,44.4,44.5,84.5,
03-11,43.3,44.5,60.7,33.9,45.5,43.5,50.3,55.2,42.3,28.8,34.0,35.4,43.1,30.3,84.8,52.2,80.2,45.8,27.7,51.6,36.9,47.2,5.4,63.8,62.3,72.1,38.3,36.0,42.9,58.8,50.9,51.3,7.0,48.1,51.9,48.6,33.6,42.8,56.0,38.8,48.6,38.1,36.8,,30.96,38.22,51.06,61.98,5.4,44.4,44.5,84.8,
03-12,43.1,44.4,60.8,34.1,45.8,43.5,50.5,55.4,43.3,28.8,34.0,35.4,42.5,29.2,85.3,52.2,80.2,46.5,27.8,55.6,37.5,47.2,5.2,63.7,63.4,75.0,38.4,37.5,42.3,59.5,51.2,50.5,7.2,48.3,52.6,48.7,33.7,43.1,56.1,38.6,49.1,39.1,37.0,,30.1,38.52,50.78,62.88,5.2,44.9,44.4,85.3,
03-13,43.4,44.6,60.8,34.1,45.7,43.6,50.6,55.5,43.8,28.7,34.0,35.0,42.3,29.1,85.9,52.2,80.4,46.6,27.9,57.2,37.5,47.2,5.2,63.6,61.5,73.7,38.4,37.9,42.5,61.6,54.4,50.4,6.6,48.7,51.9,48.6,34.5,43.0,56.5,38.8,49.7,40.0,37.8,,30.08,38.64,51.12,61.58,5.2,45.2,44.6,85.9,
03-14,43.5,45.1,60.8,34.1,45.7,43.6,51.4,56.2,43.8,28.7,34.0,34.8,42.3,29.0,86.3,52.2,80.9,47.2,29.0,57.2,36.1,47.1,5.2,63.7,58.7,73.9,38.3,38.1,43.1,62.4,51.6,50.5,6.3,49.7,54.3,49.0,34.8,43.4,57.2,39.4,50.5,40.2,38.6,,30.0,39.08,51.48,62.08,5.2,45.4,45.1,86.3,
03-15,43.9,45.2,60.7,34.2,45.6,43.6,52.2,57.5,44.0,28.5,36.4,34.8,42.8,29.4,86.3,52.2,81.5,48.6,28.9,57.3,35.2,47.0,5.1,63.6,58.0,74.4,39.7,38.0,43.5,63.6,50.2,53.0,5.5,51.3,53.2,49.4,34.8,43.6,57.5,40.5,50.9,40.5,38.8,,30.36,40.18,52.2,63.02,5.1,45.5,45.2,86.3,
03-16,44.1,45.3,60.7,34.3,45.6,43.6,52.7,57.6,44.1,28.0,34.8,34.7,43.0,30.5,90.3,52.4,81.2,48.6,30.2,57.6,35.0,46.9,4.9,63.7,58.0,74.3,41.6,38.0,44.3,65.6,50.3,51.3,5.5,51.6,52.3,49.5,34.8,43.6,56.5,41.5,51.4,40.6,40.2,,31.26,41.14,51.88,63.1,4.9,45.6,45.3,90.3,
03-17,44.1,45.1,60.7,34.5,46.3,43.6,53.2,57.7,44.1,27.7,34.7,34.7,43.0,30.9,93.1,53.4,81.4,49.7,30.3,57.9,34.9,46.7,6.7,63.9,59.3,74.6,42.8,38.9,45.1,66.1,50.7,52.9,5.5,51.7,50.9,49.5,34.8,43.4,57.5,41.9,51.5,40.6,40.5,,31.62,41.38,52.18,63.26,5.5,45.9,45.1,93.1,
03-18,44.1,45.9,60.7,35.2,46.7,43.6,53.3,57.9,44.1,27.7,34.7,35.4,42.8,29.6,91.7,53.4,81.5,50.8,30.4,57.8,34.8,46.6,6.9,64.0,60.7,75.2,43.3,38.7,45.2,66.4,50.9,52.3,5.5,51.8,51.0,49.5,34.8,43.3,57.7,42.1,51.5,40.6,40.8,,31.26,41.58,52.0,63.34,5.5,45.9,45.9,91.7,
03-19,44.1,46.6,60.8,35.6,47.0,43.6,54.0,57.9,44.4,27.6,34.7,36.4,43.6,29.6,95.1,53.4,81.7,54.0,32.4,58.7,35.0,46.7,6.9,64.2,59.6,75.4,43.2,38.7,46.0,66.6,51.7,51.8,5.3,51.8,52.0,49.6,34.9,43.3,58.5,42.3,51.6,40.7,41.0,,32.86,41.78,52.56,63.52,5.3,46.4,46.6,95.1,
03-20,44.1,46.9,61.0,36.4,47.5,43.6,54.2,58.2,44.5,27.7,34.6,37.0,43.7,30.1,95.1,53.4,81.9,53.2,33.1,62.0,35.1,46.8,7.1,64.4,58.2,75.7,43.2,38.7,46.0,66.7,52.2,53.1,4.9,51.7,51.0,49.6,35.0,43.3,58.2,42.7,51.7,40.7,41.3,,33.4,42.14,53.14,63.92,4.9,46.4,46.8,95.1,
03-21,44.2,47.5,61.2,36.0,47.4,43.6,54.5,58.4,44.5,27.7,34.5,38.0,43.2,30.1,95.1,53.4,82.3,52.8,32.2,63.0,35.7,46.8,7.6,64.4,58.1,75.9,45.2,38.7,46.0,69.9,54.2,53.3,4.4,51.9,50.6,49.6,35.0,43.3,58.6,43.5,51.7,40.2,42.7,,32.66,43.0,53.34,64.12,4.4,46.4,46.8,95.1,
03-22,44.2,47.6,61.8,35.9,47.4,45.0,55.5,58.4,44.8,27.7,35.3,39.1,43.0,30.7,95.1,53.1,82.9,52.8,31.9,63.0,38.7,46.6,8.2,64.4,57.6,75.9,44.4,40.8,46.4,70.2,55.4,53.4,4.8,52.3,51.5,49.6,34.8,43.3,61.1,44.4,51.9,40.3,44.5,,32.48,43.18,53.22,64.12,4.8,46.5,46.6,95.1,
03-23,44.4,48.0,63.3,36.0,47.3,47.8,55.6,58.3,45.0,27.5,36.3,39.4,42.9,31.4,93.0,54.8,82.3,57.0,31.8,63.0,39.7,46.3,8.2,64.5,57.7,75.7,43.7,39.5,46.5,70.3,55.6,53.3,4.6,52.2,51.2,50.7,34.8,43.2,61.0,45.2,51.9,40.1,45.4,,32.4,43.08,55.12,64.26,4.6,46.4,47.3,93.0,
03-24,44.5,48.5,64.3,36.1,47.3,48.8,55.5,58.1,45.2,27.6,35.2,39.6,43.1,31.8,92.0,54.4,82.2,55.6,31.6,62.9,39.3,46.0,8.3,64.7,60.8,76.9,43.8,39.3,46.5,70.3,55.6,53.3,4.9,53.2,51.5,50.8,34.6,44.1,61.0,45.4,52.5,39.9,50.2,,32.36,43.52,54.84,64.62,4.9,46.2,48.5,92.0,
03-25,44.5,49.1,65.4,36.6,47.3,50.7,55.8,58.1,45.7,27.5,34.7,39.6,43.3,32.2,91.3,53.8,82.1,54.8,31.8,63.1,39.2,46.0,8.2,65.1,63.4,76.7,45.6,39.3,46.5,70.2,55.6,53.2,5.5,53.8,52.7,51.1,34.4,44.7,63.0,44.4,53.4,39.7,47.7,,32.64,43.96,54.2,65.34,5.5,46.2,47.7,91.3,
03-26,44.5,50.4,65.6,36.6,48.0,52.4,56.3,58.1,45.9,27.5,34.7,39.6,43.1,32.2,91.7,54.1,82.3,54.5,32.2,63.1,40.1,45.9,8.2,64.4,60.3,76.8,47.1,40.1,47.3,70.2,55.6,53.5,5.8,53.8,53.1,51.2,34.6,44.9,62.3,44.3,53.6,40.2,45.0,,32.68,43.82,54.26,65.36,5.8,47.2,48.0,91.7,
03-27,44.6,50.5,65.9,36.4,48.3,52.6,57.0,58.1,46.0,27.2,34.6,39.6,43.0,32.1,92.0,55.2,84.0,54.4,32.0,63.1,40.9,46.4,10.6,64.9,58.5,77.3,47.1,40.6,47.5,70.1,55.5,53.5,5.3,53.9,53.9,52.5,34.8,45.2,62.2,44.6,53.7,41.0,44.4,,32.6,43.84,54.72,65.7,5.3,47.3,48.3,92.0,
03-28,45.0,50.7,66.6,36.2,48.3,52.8,58.2,58.1,46.0,26.8,34.4,39.6,43.0,32.1,92.7,55.3,84.9,54.9,32.5,64.1,41.5,47.2,11.5,65.1,58.0,77.7,47.3,40.6,47.9,70.4,55.4,54.1,4.4,55.1,54.7,55.3,34.7,45.6,63.3,44.1,54.0,42.2,43.2,,32.88,43.12,55.3,66.3,4.4,47.6,48.3,92.7,
03-29,47.0,51.2,66.8,36.6,48.1,53.4,58.7,58.1,46.4,26.8,34.7,39.6,43.0,32.2,93.7,55.4,85.6,55.5,33.8,65.1,41.4,47.2,12.6,65.3,57.8,78.4,48.2,42.9,48.2,70.6,55.4,54.8,4.2,55.1,55.7,53.7,34.6,46.0,64.3,43.4,54.0,42.2,42.8,,33.96,42.96,55.44,66.5,4.2,48.2,48.2,93.7,
03-30,49.2,51.5,68.3,37.4,48.0,54.2,59.0,58.1,46.5,26.9,34.9,39.6,43.0,33.1,94.0,55.5,86.3,55.6,33.3,65.5,42.1,47.2,15.5,65.2,57.6,79.2,48.5,43.4,50.1,73.5,56.2,55.4,3.7,55.0,60.0,53.5,34.6,46.5,64.1,43.0,54.0,42.3,42.7,,33.56,43.0,55.84,67.74,3.7,49.3,50.1,94.0,
03-31,49.6,51.0,71.3,37.4,47.9,54.3,59.6,58.1,46.4,26.7,35.1,39.6,43.0,33.2,94.0,55.5,86.5,55.7,33.4,65.7,42.1,46.6,16.1,65.1,57.7,79.4,48.9,43.9,60.2,74.6,56.0,55.8,3.1,55.3,57.7,53.7,34.7,47.8,64.1,43.2,54.0,42.4,42.6,,33.66,43.12,56.68,70.18,3.1,51.3,51.0,94.0,
04-01,49.7,50.7,70.9,36.6,47.7,54.4,60.2,58.0,46.2,26.5,35.3,39.6,43.9,33.5,93.3,55.6,86.6,56.1,36.1,65.6,41.6,46.5,16.0,67.4,58.5,79.7,51.2,44.0,58.9,75.1,56.0,55.8,4.6,55.6,56.5,53.4,34.7,48.5,64.1,43.5,55.2,42.2,43.0,,34.82,43.74,56.26,70.2,4.6,52.3,51.2,93.3,
04-02,50.9,50.8,69.8,36.2,47.5,54.9,61.6,57.7,45.3,26.0,35.3,39.7,44.2,34.2,93.5,52.4,86.7,58.9,34.6,66.0,40.6,46.7,17.4,66.2,58.1,79.6,52.6,44.3,57.5,75.9,55.2,55.6,5.3,55.5,57.3,54.7,34.8,48.6,,43.6,56.3,42.2,43.1,,34.62,43.78,57.0,69.44,5.3,52.5,51.65,93.5,
04-03,51.6,50.8,70.6,36.2,47.2,55.4,63.0,57.0,45.6,25.2,35.3,39.8,44.2,34.4,93.5,52.3,87.2,58.4,34.1,65.9,40.3,46.9,17.4,65.5,58.0,79.5,54.5,45.9,58.3,75.8,54.6,55.5,5.3,55.0,57.3,55.2,34.3,49.0,,44.0,56.6,42.3,43.5,,34.31,44.06,56.88,70.13,5.3,53.4,51.95,93.5,
04-04,51.6,51.0,69.4,36.1,46.9,56.5,63.7,56.5,48.8,24.6,35.4,40.5,44.2,34.4,94.5,52.4,87.6,59.5,34.0,65.7,40.8,46.6,17.7,65.6,57.8,79.5,55.0,47.1,56.7,75.9,53.9,55.5,5.5,53.6,56.8,55.3,34.4,49.6,,45.3,56.8,41.8,43.5,,34.4,44.53,56.64,69.03,5.5,53.0,52.0,94.5,
04-05,51.6,51.2,68.8,35.9,46.6,57.0,64.7,56.0,50.0,24.9,35.5,39.8,44.5,34.1,94.6,52.4,88.0,59.1,33.9,65.9,41.0,45.8,18.2,66.7,57.8,80.2,55.1,47.3,57.5,75.9,55.1,56.0,5.5,53.2,56.7,56.5,33.2,49.6,,47.7,56.8,42.1,43.5,,33.92,44.89,56.77,68.59,5.5,52.8,52.0,94.6,
04-06,51.5,51.7,68.1,35.9,46.5,58.2,62.6,55.8,50.7,25.3,35.5,39.7,44.4,33.4,94.7,52.4,88.1,58.6,34.5,66.6,41.7,45.7,18.1,66.4,57.8,80.2,55.1,47.9,58.5,75.9,55.4,56.7,5.5,52.2,57.6,57.2,33.8,49.6,,48.6,57.0,42.2,43.6,,33.87,44.79,57.48,67.95,5.5,52.3,51.95,94.7,
04-07,51.5,52.0,68.0,35.7,46.3,58.4,60.6,55.4,50.4,25.7,35.4,40.1,44.3,32.8,94.7,52.5,88.2,59.5,34.9,68.7,41.9,45.0,17.9,65.5,59.3,80.9,55.4,49.1,59.0,76.0,54.5,56.5,5.7,52.6,58.6,57.2,33.1,49.7,,48.8,57.1,42.7,43.9,,33.28,44.51,58.04,68.63,5.7,52.6,52.25,94.7,
04-08,51.5,53.0,68.4,35.7,47.0,58.2,59.8,54.9,50.8,25.8,35.5,40.7,45.3,31.5,94.9,52.8,88.4,58.9,35.1,68.0,42.6,44.5,18.0,65.2,58.5,81.6,56.0,50.2,58.8,75.9,55.1,56.4,5.5,53.9,58.0,56.9,33.7,49.6,,49.0,59.1,43.3,43.5,,33.84,44.74,58.14,68.36,5.5,53.4,52.9,94.9,
04-09,51.5,53.3,68.8,35.7,47.5,58.2,59.6,54.9,51.6,25.8,36.4,41.9,46.0,30.6,95.1,52.8,88.8,58.5,35.2,67.5,42.7,44.4,18.0,69.4,57.7,81.8,56.8,52.1,58.6,75.9,54.8,57.0,5.5,52.4,56.9,56.6,35.0,49.6,,49.6,58.0,45.2,43.7,,35.02,45.44,57.49,69.34,5.5,52.6,52.6,95.1,
04-10,51.8,55.5,68.5,35.7,47.6,58.0,59.5,54.7,52.9,26.4,36.5,42.0,46.7,29.0,95.1,52.9,89.3,60.1,35.4,68.8,41.8,43.8,18.0,66.3,58.0,81.9,57.0,52.5,58.5,76.2,54.6,55.0,5.4,50.7,56.2,56.4,34.3,49.6,,50.9,58.8,43.7,43.9,,34.41,44.74,57.7,68.77,5.4,52.9,52.9,95.1,
04-11,52.2,55.9,67.9,35.7,48.4,57.8,59.4,54.5,53.2,26.4,36.6,43.0,46.0,29.3,95.7,53.8,89.3,60.6,36.5,70.6,42.3,43.3,17.8,65.2,57.3,82.4,57.9,52.5,59.9,79.3,58.6,53.7,5.4,49.9,56.3,58.3,35.5,49.4,,52.5,57.8,43.2,45.1,,35.52,45.37,57.87,70.33,5.4,53.4,53.45,95.7,
04-12,52.2,56.8,68.7,35.9,48.7,57.5,59.3,54.4,53.3,26.4,36.7,43.1,45.3,29.9,95.7,53.6,89.5,60.4,36.5,71.4,41.9,42.5,18.4,64.7,56.6,82.4,57.8,52.5,60.8,78.5,56.2,53.4,5.9,49.5,56.3,56.8,36.5,49.3,,52.2,57.6,43.1,44.0,,35.96,44.39,57.29,71.13,5.9,53.4,53.35,95.7,
04-13,52.0,57.4,67.5,36.1,48.8,56.9,59.0,53.4,53.3,26.4,36.7,42.9,45.5,30.5,95.7,53.7,89.9,61.1,36.9,74.6,41.8,41.6,18.7,67.6,56.4,86.4,60.5,52.4,60.1,78.1,55.9,53.5,6.0,48.8,57.9,57.5,35.8,49.0,,52.8,57.4,42.7,43.6,,35.83,44.17,57.47,73.9,6.0,53.4,53.35,95.7,
04-14,51.9,57.4,66.6,36.1,49.0,56.1,58.1,53.7,53.3,26.2,37.0,42.5,45.9,30.7,95.7,53.7,89.7,65.2,37.0,75.1,41.7,41.3,18.7,66.1,56.4,86.7,61.3,53.4,60.1,77.3,58.0,53.6,6.2,48.1,57.6,60.5,36.2,48.8,,53.0,57.4,42.3,43.7,,36.11,44.36,57.88,74.25,6.2,53.5,53.5,95.7,
04-15,51.6,57.0,66.1,36.1,50.0,55.4,56.9,52.6,53.1,25.6,37.2,42.5,46.5,30.8,96.3,53.7,89.7,66.4,36.9,73.5,41.0,41.5,19.0,66.0,57.1,84.7,60.7,53.3,61.4,76.8,58.3,53.6,6.6,48.3,57.5,61.4,36.6,48.6,71.5,53.5,57.4,41.6,43.5,,36.2,45.3,57.82,73.1,6.6,53.4,53.5,96.3,57.3
04-16,51.3,56.4,65.9,36.7,49.4,54.8,56.1,51.5,53.1,25.1,37.4,42.5,46.5,30.5,96.3,53.6,91.4,63.7,36.8,73.6,40.5,40.7,19.4,66.0,56.5,84.0,59.9,52.6,61.4,77.0,58.8,53.2,6.5,48.4,57.3,60.3,36.4,48.4,,53.8,57.5,41.2,43.1,,36.43,44.12,57.44,72.84,6.5,53.2,53.15,96.3,
04-17,51.0,56.3,65.3,37.2,49.4,54.4,55.9,50.6,52.7,25.2,36.8,42.5,46.5,31.0,96.6,53.5,93.4,61.6,38.2,73.3,40.4,41.4,19.6,66.1,56.7,83.4,59.7,53.0,64.5,79.8,58.9,55.4,6.2,48.3,57.0,61.1,37.4,48.2,,53.7,58.2,41.3,42.5,,36.84,43.7,57.84,72.58,6.2,53.2,53.25,96.6,
04-18,50.7,56.2,65.0,37.4,48.8,54.3,55.8,50.0,52.7,25.3,36.8,42.5,46.8,31.3,97.0,53.5,95.0,60.3,37.0,72.5,40.8,40.9,19.9,66.4,56.6,83.4,61.3,52.9,63.8,78.1,59.0,55.8,5.9,48.3,58.1,61.6,36.6,47.8,,54.2,58.0,41.6,42.2,,36.62,43.79,58.07,71.89,5.9,53.2,53.2,97.0,
04-19,50.4,56.3,65.5,36.8,48.7,53.9,55.6,49.4,52.2,25.0,36.6,41.7,47.2,31.7,97.2,53.5,93.8,59.8,36.5,71.7,40.6,40.4,19.8,66.8,56.7,84.2,61.2,51.8,63.3,77.3,59.4,53.9,5.4,46.9,58.0,61.6,35.6,47.6,,54.6,58.1,41.6,42.0,,35.69,43.47,58.07,71.21,5.4,52.8,52.85,97.2,
04-20,49.9,56.3,66.3,36.2,48.6,53.5,55.1,48.9,51.9,24.4,36.4,40.8,47.3,31.7,98.8,53.5,93.1,59.0,35.9,71.3,40.8,39.3,19.6,67.5,56.7,84.2,60.8,51.5,62.6,78.4,63.6,54.2,4.8,45.3,57.5,61.5,35.3,47.4,,55.0,58.2,41.5,41.4,,35.36,42.64,57.99,70.92,4.8,52.7,52.7,98.8,
04-21,49.3,56.0,66.0,35.6,48.1,53.0,54.5,48.3,51.5,24.1,36.4,39.9,47.4,31.7,100.1,54.5,92.9,58.1,35.7,71.2,41.4,39.7,19.2,69.8,56.6,84.4,60.8,50.5,62.3,82.7,60.6,53.6,4.0,43.7,57.8,61.6,34.1,46.9,,55.1,58.9,41.3,41.8,,34.25,42.37,58.01,71.06,4.0,52.6,52.25,100.1,
04-22,48.5,55.6,66.6,34.5,47.7,52.7,54.4,47.6,51.1,24.0,36.3,38.9,47.4,31.7,100.1,54.5,91.7,57.6,35.3,71.4,40.7,39.7,18.7,68.6,56.2,84.4,60.4,50.5,62.5,80.2,59.2,54.4,3.6,42.3,57.5,61.6,33.7,46.0,,55.0,59.5,41.0,41.8,,33.78,41.95,57.57,71.12,3.6,52.8,51.9,100.1,
04-23,48.0,55.6,67.2,33.9,47.2,52.7,54.3,47.5,51.0,24.5,35.9,38.2,47.4,32.7,99.0,54.0,91.6,57.9,35.0,72.4,40.0,38.8,17.9,67.1,57.5,84.5,60.1,49.6,62.4,79.9,58.3,54.6,3.3,41.3,57.8,61.6,33.5,48.2,,55.0,60.3,41.0,41.8,,33.54,41.45,57.87,71.88,3.3,52.5,51.85,99.0,
04-24,47.8,55.9,67.9,33.9,46.9,53.2,53.9,47.3,50.8,24.5,35.6,37.7,47.4,31.6,99.4,53.7,92.7,57.7,35.5,72.7,39.7,38.9,17.3,67.2,57.1,84.9,59.5,49.1,62.9,78.8,57.9,54.5,3.3,40.7,57.4,61.6,32.8,47.0,,55.5,59.8,40.7,41.5,,32.91,40.94,57.61,72.22,3.3,52.2,52.0,99.4,
04-25,47.8,56.1,68.5,34.5,46.6,53.3,53.6,47.2,50.6,24.3,35.4,36.9,47.7,32.6,98.2,53.2,93.8,57.0,35.1,72.6,41.0,38.2,16.2,67.3,57.3,85.4,59.0,49.5,63.1,77.3,57.8,55.1,3.9,39.8,56.6,61.6,32.1,45.5,,55.2,59.5,40.7,41.4,,32.79,41.12,57.21,72.19,3.9,51.9,51.9,98.2,
04-26,47.8,56.1,69.1,34.8,46.2,53.6,53.3,48.4,50.5,23.6,35.1,36.7,47.7,33.1,98.4,52.1,93.0,57.0,34.4,72.6,40.0,37.5,15.1,68.3,56.5,85.5,58.7,49.3,64.4,76.0,57.7,55.1,4.3,39.1,56.0,61.6,31.2,45.5,,55.0,59.3,40.3,40.7,,33.23,40.42,56.85,72.25,4.3,51.3,51.3,98.4,
04-27,47.8,56.1,69.7,35.4,45.8,53.6,53.1,48.5,50.5,22.7,35.8,36.3,47.4,34.9,98.6,51.9,91.5,57.0,33.4,73.2,39.8,36.2,13.9,67.1,55.9,86.8,58.5,48.9,64.4,75.9,57.7,55.1,4.0,38.7,57.1,61.6,30.9,44.2,,54.9,58.7,39.1,39.8,,33.55,39.8,57.07,72.85,4.0,51.2,51.2,98.6,
04-28,47.4,55.9,71.9,36.3,45.1,53.1,52.8,50.4,50.6,21.5,35.9,35.7,47.4,35.0,99.4,51.8,90.2,57.4,32.4,73.3,40.1,36.0,13.0,68.4,55.5,90.2,58.3,50.5,64.7,75.6,57.9,56.1,2.7,38.0,56.7,59.9,31.4,44.4,,54.8,58.0,38.8,38.7,,32.66,39.19,57.19,73.16,2.7,51.2,51.2,99.4,
04-29,47.0,55.8,70.3,36.5,44.6,53.1,52.3,50.7,51.0,20.5,36.1,35.5,46.7,35.0,97.8,52.0,89.1,57.5,32.5,73.8,40.2,36.0,12.4,68.4,55.4,90.4,58.1,51.2,65.3,74.5,58.5,56.6,2.2,38.0,56.0,58.6,31.4,42.8,70.0,54.8,57.4,39.0,38.0,,33.0,39.72,57.44,73.1,2.2,51.6,52.0,97.8,
04-30,46.6,56.2,69.2,36.7,43.9,53.3,52.0,50.8,50.8,19.7,36.1,35.2,46.4,34.7,97.2,51.4,89.3,57.3,33.2,74.3,39.8,35.1,12.1,66.2,53.9,88.2,58.0,50.9,65.2,73.7,60.2,57.0,2.0,37.8,55.7,57.9,31.4,41.7,,55.4,56.9,39.2,37.4,,33.35,39.38,56.97,73.25,2.0,51.2,51.15,97.2,
05-01,46.2,56.3,69.2,36.7,43.0,53.9,51.8,50.6,50.9,19.3,35.1,35.0,46.1,35.4,97.9,49.9,89.4,57.1,34.9,74.9,39.2,34.0,11.6,64.6,52.9,86.8,57.8,51.2,65.1,75.6,59.3,57.3,0.9,37.2,56.7,57.1,31.4,41.1,69.5,56.1,55.0,39.4,36.4,,34.18,39.32,57.1,73.82,0.9,51.0,51.2,97.9,
05-02,45.7,56.8,68.9,36.8,42.2,54.0,51.5,50.5,50.7,19.0,36.1,34.2,46.1,36.0,97.4,47.9,89.8,57.3,36.0,75.1,39.2,33.0,11.1,63.5,52.2,86.2,57.5,51.7,66.4,76.0,58.6,56.8,0.0,36.1,56.2,56.4,30.9,40.0,,56.0,53.9,39.7,35.6,,33.12,39.35,56.68,74.48,0.0,51.2,51.1,97.4,
05-03,45.2,57.2,68.6,36.8,41.8,54.4,50.9,50.0,50.4,18.4,35.2,33.9,48.3,36.6,97.4,45.9,89.8,57.3,35.9,74.7,38.2,32.0,10.4,63.0,52.7,85.9,57.6,52.5,67.0,75.1,58.7,55.3,0.0,34.7,56.0,56.3,30.5,39.6,,55.3,53.3,39.5,34.4,,32.19,38.59,56.21,74.09,0.0,51.4,50.65,97.4,
05-04,44.4,57.8,69.3,36.8,41.5,54.4,50.5,49.2,49.8,17.2,35.2,33.4,47.4,36.7,97.4,44.4,89.8,56.6,35.6,73.9,37.4,31.1,9.8,62.7,52.2,85.7,57.4,56.2,66.8,75.2,59.5,54.5,0.0,33.3,56.3,56.1,30.4,39.8,,55.0,52.0,39.7,33.3,,31.32,38.09,56.27,73.44,0.0,51.0,50.15,97.4,
05-05,44.4,58.6,68.7,36.9,41.1,54.3,50.0,48.5,49.4,15.8,34.5,33.4,46.4,36.8,97.5,43.1,90.1,55.8,35.9,73.3,37.7,30.3,9.2,62.7,51.8,89.3,56.8,54.9,67.4,75.7,59.3,54.0,0.0,32.0,55.6,54.9,29.6,39.2,,55.1,50.0,38.7,32.8,,30.47,38.0,55.45,72.84,0.0,50.6,49.7,97.5,
05-06,44.1,59.2,68.0,37.7,40.3,54.2,49.2,47.6,49.1,14.2,34.2,32.4,45.4,36.9,98.5,41.5,89.7,55.0,36.5,74.0,38.1,30.2,8.6,62.1,51.7,89.6,56.9,54.2,68.2,75.4,58.0,53.6,0.0,31.0,53.7,53.4,28.9,38.6,,55.7,48.9,38.7,32.2,,30.28,38.25,54.76,73.42,0.0,50.4,49.0,98.5,
05-07,43.2,58.9,67.9,37.8,39.8,53.9,48.1,48.7,48.9,12.5,33.6,31.3,44.2,36.9,99.7,39.7,91.0,54.6,35.8,74.0,37.6,29.2,7.6,61.3,51.5,87.6,57.8,54.1,68.2,75.0,56.8,52.7,0.0,29.6,52.7,52.6,28.0,39.2,,55.5,48.2,38.5,31.6,,29.24,38.01,54.45,73.42,0.0,50.2,48.45,99.7,
05-08,42.7,58.4,67.8,37.9,37.9,53.5,47.1,48.9,49.0,11.1,33.5,29.8,43.6,36.2,99.7,38.4,91.7,54.1,35.6,73.4,37.3,28.2,7.1,63.1,51.9,86.0,58.5,53.9,68.3,74.2,55.4,51.9,0.0,28.0,52.0,51.0,27.1,38.6,,55.5,47.5,38.4,30.6,,28.02,37.9,54.04,72.89,0.0,50.0,48.2,99.7,
05-09,42.6,57.9,67.6,37.9,35.7,52.9,46.3,48.8,49.1,10.5,33.4,28.3,42.9,35.9,99.6,37.6,91.9,54.1,35.0,72.8,37.3,27.6,6.7,61.4,50.5,84.9,57.7,54.0,67.9,74.0,53.7,51.8,0.0,27.5,51.3,49.5,26.1,37.9,,54.8,46.6,38.5,29.6,,27.51,37.39,53.91,72.31,0.0,49.3,47.7,99.6,
05-10,42.6,58.8,67.7,38.4,34.1,52.3,45.6,48.2,48.8,10.0,33.0,26.9,42.2,35.8,98.9,36.9,91.6,54.3,34.4,72.6,37.1,27.1,6.0,60.2,48.9,85.5,56.7,53.6,67.2,73.9,52.0,51.6,0.0,26.7,50.7,47.8,24.9,36.7,,54.9,45.9,38.3,28.9,,26.72,36.76,53.21,72.11,0.0,48.3,46.85,98.9,
05-11,42.5,59.0,67.7,38.6,32.3,51.6,45.6,47.8,48.5,9.6,31.0,25.6,41.4,35.8,97.9,36.1,91.2,54.7,33.7,72.7,37.1,26.7,5.3,59.5,47.7,85.7,56.2,53.0,67.4,73.2,50.1,51.1,0.0,25.9,49.8,46.8,23.7,34.8,,54.8,45.1,37.1,28.1,,25.63,35.89,52.58,72.2,0.0,47.2,46.2,97.9,
05-12,42.4,58.6,67.5,38.9,30.1,50.5,45.4,47.5,48.1,9.4,29.2,24.0,41.0,35.8,97.1,35.6,91.4,54.9,33.4,73.3,36.2,26.4,4.4,58.9,46.8,86.2,55.9,53.2,66.6,72.0,47.9,50.3,0.0,24.8,48.7,45.7,22.2,33.3,,55.1,44.2,35.4,27.6,,24.08,35.46,52.39,71.55,0.0,46.2,45.55,97.1,
05-13,42.0,57.3,67.4,38.6,28.5,49.7,45.0,47.2,47.7,8.5,28.1,22.7,40.1,35.8,96.0,35.1,92.4,54.7,32.5,74.0,35.0,25.5,3.4,58.2,45.8,84.3,56.8,52.7,65.7,71.3,46.4,49.6,0.0,23.7,48.2,44.7,21.1,32.4,,55.3,43.4,33.7,26.8,,22.8,34.09,51.8,70.91,0.0,45.2,44.85,96.0,
05-14,41.3,56.8,67.9,39.3,27.4,48.9,44.5,47.1,47.1,7.3,26.9,22.2,39.3,35.5,94.5,34.4,92.5,54.3,31.1,74.2,34.2,25.0,2.5,57.6,45.8,87.0,57.6,51.5,64.8,70.1,45.8,48.6,0.0,22.2,48.1,43.1,20.3,31.4,,55.4,41.9,32.2,26.3,,22.2,32.8,50.72,69.88,0.0,44.4,43.8,94.5,
05-15,41.3,56.5,67.4,39.0,26.4,47.8,43.8,47.0,46.7,6.1,24.6,21.6,38.5,33.7,92.8,34.7,92.5,54.2,31.5,73.9,33.9,24.2,1.2,57.5,45.3,86.8,57.8,50.4,66.3,68.4,44.4,47.0,0.0,21.7,48.3,41.0,19.9,30.8,,56.4,39.6,31.3,25.8,,21.61,32.16,49.77,68.3,0.0,42.7,42.55,92.8,
05-16,41.3,56.4,67.0,38.9,25.6,46.8,43.2,46.8,46.3,4.9,22.5,21.0,37.1,32.8,91.0,34.8,92.6,54.8,30.8,73.8,33.7,23.5,0.7,56.2,44.6,84.5,57.4,49.0,66.9,67.5,43.5,45.0,0.0,21.0,48.3,38.9,18.9,29.9,,57.6,37.2,30.2,25.4,,21.0,31.4,48.79,67.45,0.0,41.2,42.25,92.6,
05-17,40.9,55.5,66.7,38.7,24.6,46.1,42.5,46.4,45.7,3.5,20.7,20.4,36.1,32.0,89.2,34.3,92.6,54.1,30.9,73.3,33.3,22.7,0.7,53.3,43.2,82.7,56.1,47.5,66.4,66.4,42.5,43.2,0.0,20.1,49.4,36.8,18.3,29.2,58.0,55.7,35.3,28.8,24.9,,20.16,31.56,50.96,66.64,0.0,39.6,42.5,92.6,
05-18,40.5,54.8,65.6,38.3,23.6,45.9,42.8,46.1,45.1,1.9,18.6,19.8,35.3,31.1,87.6,34.3,94.9,52.8,30.2,71.5,33.6,21.9,0.7,50.4,41.6,80.2,54.3,46.6,65.3,65.2,41.8,41.9,0.0,18.8,49.2,35.5,17.3,28.2,,54.7,33.4,28.0,24.6,,18.62,30.47,48.42,65.57,0.0,38.6,41.05,94.9,
05-19,39.5,54.1,63.9,38.3,23.3,45.9,43.0,45.3,44.5,0.6,16.5,18.6,34.2,30.6,86.2,33.4,98.7,51.9,29.5,70.7,33.7,20.4,0.6,47.9,40.2,78.1,52.4,45.2,64.3,64.1,40.8,41.0,0.0,18.2,49.4,34.6,16.2,27.2,,55.4,31.2,27.6,24.0,,16.67,29.83,47.3,64.28,0.0,37.4,39.85,98.7,
05-20,38.7,53.9,62.2,36.4,22.8,44.9,43.0,44.6,43.8,0.1,14.9,17.6,33.0,29.6,84.5,32.2,96.9,51.1,28.9,69.7,33.6,19.8,0.5,45.9,39.3,76.3,53.1,44.3,63.4,63.3,40.0,39.9,0.0,17.8,48.8,33.5,15.2,26.7,,54.3,28.8,27.2,23.6,,15.44,28.83,45.6,63.39,0.0,36.4,39.0,96.9,
05-21,37.4,53.0,61.0,35.2,22.3,43.6,42.6,43.9,43.2,0.2,14.0,16.8,31.9,28.9,83.7,31.1,95.0,49.6,28.2,68.4,34.1,18.7,0.6,44.1,38.7,75.8,53.3,44.3,62.7,62.4,39.2,38.8,0.0,17.2,47.4,32.4,14.8,26.0,,53.6,26.4,26.7,22.7,,15.0,27.15,44.24,62.67,0.0,36.4,38.05,95.0,
05-22,35.6,52.0,59.9,34.8,21.6,42.1,42.1,43.4,42.7,0.0,12.8,15.6,30.4,28.5,82.4,30.1,94.2,47.9,27.3,68.5,33.5,17.4,0.5,42.9,38.7,75.5,52.5,43.6,62.2,60.7,38.5,37.5,0.0,16.7,45.6,31.0,14.0,26.9,,53.5,25.4,26.8,22.0,,14.16,27.02,43.54,62.05,0.0,35.5,36.55,94.2,
05-23,34.0,52.0,59.1,34.7,20.8,40.6,41.6,42.4,41.5,0.0,11.3,14.5,28.8,29.0,81.2,28.8,94.5,46.1,25.0,67.3,32.8,17.2,0.5,42.0,37.7,74.9,51.0,43.7,61.2,61.0,38.6,36.0,0.0,16.0,43.4,29.2,13.1,27.2,,53.3,24.9,26.2,20.8,,13.24,26.5,43.1,61.18,0.0,34.4,35.35,94.5,
05-24,32.4,51.8,57.1,33.3,19.8,39.4,41.9,42.1,40.5,0.0,9.8,13.2,27.2,28.6,80.5,27.5,94.9,44.3,22.7,66.7,31.6,17.0,0.4,41.0,36.9,74.1,49.6,43.6,60.7,62.0,38.5,34.6,0.0,15.2,41.0,27.3,11.8,26.1,,53.1,24.3,25.7,19.9,,11.94,25.82,42.04,61.87,0.0,33.1,33.95,94.9,
05-25,30.7,51.2,56.0,31.2,19.1,38.0,42.5,41.8,40.1,0.0,7.8,11.7,25.8,27.4,79.3,27.1,93.0,42.8,20.7,66.0,29.6,16.3,0.4,39.9,36.1,73.0,48.5,43.2,60.0,61.1,38.0,33.1,0.0,14.5,39.9,25.4,11.2,25.1,,52.7,23.1,25.0,18.6,,11.25,25.03,42.29,60.99,0.0,31.4,32.15,93.0,
05-26,28.6,51.3,54.6,29.0,18.1,36.8,42.0,41.0,39.6,0.0,6.3,10.2,23.9,25.6,78.3,26.7,90.3,41.6,19.2,64.0,28.1,14.7,0.0,39.0,34.9,72.2,47.3,42.8,60.0,60.4,37.4,32.3,0.0,13.6,38.7,24.0,10.7,24.0,,51.3,21.8,24.4,17.0,,10.25,23.93,41.42,60.36,0.0,30.2,30.65,90.3,
05-27,27.2,50.9,53.1,26.7,17.0,35.7,41.5,40.3,39.0,0.0,4.7,9.4,22.2,23.8,77.3,26.6,87.9,40.6,17.6,62.6,27.1,14.2,0.0,38.0,33.8,71.0,46.7,42.8,59.9,59.2,36.7,31.3,0.0,13.2,37.4,22.9,9.9,22.3,50.5,49.9,20.5,23.8,16.0,,9.5,22.26,40.96,59.76,0.0,29.2,31.3,87.9,
05-28,25.3,49.7,51.9,22.3,16.1,35.0,40.2,39.4,38.3,0.0,3.3,8.8,20.5,23.1,76.4,27.1,86.7,40.0,16.5,61.7,25.6,13.5,0.0,37.1,32.9,68.8,44.7,41.9,59.2,58.4,36.3,30.2,0.0,12.9,35.6,21.6,8.7,21.1,,48.7,18.8,22.7,15.0,,8.71,20.68,39.82,59.12,0.0,28.6,28.65,86.7,
05-29,22.6,48.2,50.7,19.8,15.2,34.0,39.5,38.2,37.8,0.0,1.5,8.7,18.7,22.3,75.4,26.4,85.2,38.7,16.0,58.2,23.6,12.8,0.0,36.3,31.9,66.7,42.5,41.8,58.5,57.4,34.9,29.7,0.0,12.4,33.5,20.7,7.5,19.2,,47.5,17.0,21.7,13.2,,7.62,18.85,38.55,58.12,0.0,28.0,28.05,85.2,
05-30,20.0,46.2,50.7,17.3,14.3,33.5,39.0,37.2,37.0,0.0,0.3,8.5,16.9,22.1,74.0,25.6,83.4,37.6,15.6,56.8,21.9,12.1,0.0,35.2,30.7,64.8,39.9,40.6,57.9,56.6,34.5,28.7,0.0,11.6,30.9,20.1,5.9,17.3,,46.9,15.1,21.5,12.2,,6.16,17.02,37.48,56.78,0.0,27.2,27.15,83.4,
05-31,18.1,45.2,49.1,15.6,13.7,32.5,38.4,36.7,36.4,0.0,0.0,7.0,15.5,21.6,72.6,24.5,82.1,37.0,14.7,56.1,20.4,12.3,0.0,34.0,28.9,63.0,38.0,39.5,57.0,55.2,33.4,27.3,0.0,10.5,29.5,19.0,4.0,16.4,,46.2,13.8,21.2,10.9,,4.3,15.53,36.91,56.01,0.0,25.9,25.9,82.1,
06-01,17.1,44.3,47.5,13.5,13.0,31.8,36.7,36.2,35.8,0.0,0.0,6.0,14.2,20.3,71.4,22.9,81.9,36.1,13.0,55.5,18.9,11.7,0.0,32.6,27.0,61.9,36.2,38.6,56.7,53.2,32.1,25.8,0.0,8.9,27.8,18.8,2.2,16.2,44.0,45.2,13.1,20.2,9.6,,2.96,13.92,36.2,55.04,0.0,24.4,25.8,81.9,
06-02,16.1,44.1,46.4,11.5,12.6,30.9,34.5,35.8,34.9,0.0,0.0,5.4,12.8,19.1,70.0,21.0,80.6,35.1,12.1,54.5,17.8,10.6,0.0,31.3,24.7,61.0,34.0,37.6,56.2,51.4,30.5,23.8,0.0,7.7,26.6,17.8,0.6,15.2,,43.9,12.1,19.1,8.6,,1.08,12.66,34.78,54.19,0.0,22.4,22.4,80.6,
06-03,15.3,43.7,45.1,9.5,11.5,30.4,32.1,34.6,33.6,0.0,0.0,4.2,11.4,17.2,68.1,19.3,79.2,34.1,12.1,53.4,16.5,9.6,0.0,29.5,22.2,60.2,32.1,36.9,55.5,50.7,29.4,22.0,0.0,6.4,25.0,16.4,0.0,14.5,,42.5,10.9,18.2,7.4,,0.42,11.68,33.15,53.13,0.0,20.6,20.65,79.2,
06-04,14.7,43.0,44.2,7.5,10.1,29.0,29.5,33.6,32.9,0.0,0.0,3.3,10.0,15.3,66.7,17.9,77.9,32.7,11.8,52.9,15.3,7.7,0.0,28.1,20.0,59.3,30.1,35.4,54.2,50.5,28.1,20.2,0.0,4.5,23.8,15.3,0.0,13.4,,41.2,9.6,17.2,6.2,,0.33,10.61,31.92,52.66,0.0,19.0,18.95,77.9,
06-05,13.7,42.8,43.0,6.0,9.5,28.1,27.0,32.5,32.3,0.0,0.0,2.2,9.4,14.1,65.4,16.9,77.1,30.7,11.3,51.8,13.5,5.9,0.0,26.5,17.8,58.4,28.2,34.4,52.4,49.6,26.3,18.5,0.0,1.7,23.2,14.5,0.0,12.8,,40.3,8.2,15.8,4.5,,0.17,10.04,29.95,51.58,0.0,17.4,17.35,77.1,
06-06,12.9,41.8,41.7,4.0,8.7,27.6,22.3,31.5,31.3,0.0,0.0,1.7,9.1,12.3,63.8,15.4,76.7,29.1,10.7,49.4,11.6,3.9,0.0,24.5,17.1,58.5,26.3,32.8,50.9,49.6,24.4,17.1,0.0,0.6,21.9,13.7,0.0,12.1,,38.6,6.8,14.3,2.6,,0.06,9.58,28.65,49.58,0.0,16.2,16.25,76.7,
06-07,11.7,40.4,40.9,2.0,8.0,26.7,20.8,31.0,29.8,0.0,0.0,1.2,9.3,10.4,62.1,13.8,76.2,27.8,9.5,48.4,9.7,2.8,0.0,22.7,16.5,58.7,25.5,31.7,48.9,49.3,22.4,16.0,0.0,0.0,19.9,12.5,0.0,11.5,,37.7,4.5,13.0,0.9,,0.0,9.36,27.47,48.85,0.0,14.9,14.9,76.2,
06-08,10.3,40.3,40.2,1.0,8.0,26.1,19.6,29.6,28.7,0.0,0.0,0.6,8.2,8.6,60.7,12.7,75.3,26.7,8.3,48.4,8.0,1.8,0.0,21.5,15.7,58.2,24.9,30.6,48.1,48.4,20.8,14.4,0.0,0.0,18.1,11.3,0.0,10.9,,36.4,2.3,11.6,0.0,,0.0,8.06,26.52,48.37,0.0,13.6,13.55,75.3,
06-09,8.7,40.0,38.1,0.0,6.0,25.3,18.3,28.2,27.5,0.0,0.0,0.0,6.9,7.1,58.4,10.9,74.4,26.0,7.2,48.6,6.3,0.0,0.0,21.0,14.6,57.0,23.1,29.5,47.1,47.7,18.9,12.9,0.0,0.0,17.1,10.7,0.0,10.1,,35.1,0.8,9.9,0.0,,0.0,6.48,25.79,47.64,0.0,11.9,11.9,74.4,
06-10,8.3,39.1,36.2,0.0,4.0,24.6,16.6,27.0,26.1,0.0,0.0,0.0,5.5,6.2,56.0,9.3,73.4,24.7,6.3,47.5,5.3,0.0,0.0,19.8,13.9,57.2,21.4,28.3,45.6,47.7,17.4,11.4,0.0,0.0,16.3,10.3,0.0,9.3,,34.1,0.5,8.0,0.0,,0.0,5.36,24.67,47.31,0.0,10.8,10.85,73.4,
06-11,6.7,38.1,34.2,0.0,2.0,23.8,14.4,26.5,24.4,0.0,0.0,0.0,4.7,4.9,53.5,8.3,72.8,24.1,5.6,44.1,4.5,0.0,0.0,18.4,12.9,57.6,19.6,27.1,44.4,44.9,16.0,10.9,0.0,0.0,15.6,10.1,0.0,8.1,,32.6,0.1,6.3,0.0,,0.0,4.56,24.01,44.37,0.0,10.5,10.5,72.8,
06-12,5.6,37.0,31.9,0.0,0.0,22.5,13.1,25.7,23.2,0.0,0.0,0.0,3.4,3.3,51.9,7.4,71.5,23.9,6.0,40.4,2.7,0.0,0.0,16.7,12.2,57.6,18.2,25.7,43.4,42.8,15.4,9.6,0.0,0.0,14.6,9.0,0.0,7.2,,31.0,0.0,4.7,0.0,,0.0,2.88,22.99,42.56,0.0,9.3,9.3,71.5,
06-13,4.8,36.0,29.5,0.0,0.0,20.8,11.3,25.0,22.4,0.0,0.0,0.0,2.5,2.1,50.6,6.1,69.7,22.5,6.5,37.1,1.0,0.0,0.0,15.2,10.9,56.7,16.2,23.8,42.0,41.6,14.3,9.0,0.0,0.0,14.1,8.2,0.0,6.5,,29.9,0.0,3.2,0.0,,0.0,1.33,21.92,41.15,0.0,8.6,8.6,69.7,
06-14,2.9,34.6,28.0,0.0,0.0,19.1,10.3,23.5,21.6,0.0,0.0,0.0,2.0,0.6,49.0,5.1,67.4,21.3,5.8,33.9,0.7,0.0,0.0,14.4,10.2,54.8,15.0,21.9,40.9,40.9,13.5,8.4,0.0,0.0,13.6,7.6,0.0,5.9,,28.9,0.0,2.2,0.0,,0.0,0.63,20.64,40.27,0.0,8.0,8.0,67.4,
06-15,1.1,32.6,26.5,0.0,0.0,17.0,8.2,22.0,20.7,0.0,0.0,0.0,1.4,0.0,46.8,3.3,64.4,19.6,5.0,31.5,0.3,0.0,0.0,13.4,9.3,52.4,13.6,20.3,40.2,39.8,12.2,7.7,0.0,0.0,12.5,6.9,0.0,5.1,,28.0,0.0,1.6,0.0,,0.0,0.09,18.82,39.08,0.0,7.3,7.3,64.4,
06-16,0.7,31.0,24.6,0.0,0.0,14.9,7.6,20.1,19.6,0.0,0.0,0.0,0.9,0.0,44.0,2.4,61.5,18.4,3.5,29.5,0.1,0.0,0.0,12.3,8.8,50.7,12.1,19.6,39.4,38.5,10.8,7.0,0.0,0.0,12.3,5.8,0.0,4.4,,27.0,0.0,1.4,0.0,,0.0,0.03,17.35,37.75,0.0,6.4,6.4,61.5,
06-17,0.6,30.1,22.5,0.0,0.0,13.1,6.8,18.7,18.9,0.0,0.0,0.0,0.7,0.0,42.5,1.6,58.9,17.0,2.2,28.8,0.0,0.0,0.0,11.1,8.4,48.8,10.8,19.1,38.8,36.4,9.6,6.4,0.0,0.0,11.1,4.6,0.0,3.4,,25.3,0.0,0.5,0.0,,0.0,0.0,15.83,35.77,0.0,5.5,5.5,58.9,
06-18,0.5,29.3,19.6,0.0,0.0,11.5,5.8,17.5,17.4,0.0,0.0,0.0,0.0,0.0,39.4,0.7,57.0,15.1,1.0,28.9,0.0,0.0,0.0,10.2,7.6,48.4,10.1,18.4,37.0,34.4,8.4,5.5,0.0,0.0,10.1,2.5,0.0,2.2,,24.5,0.0,0.0,0.0,,0.0,0.0,14.02,33.89,0.0,4.0,4.0,57.0,
06-19,0.5,28.2,16.6,0.0,0.0,10.2,4.7,16.3,15.7,0.0,0.0,0.0,0.0,0.0,38.3,0.5,55.1,14.1,0.0,27.5,0.0,0.0,0.0,9.0,6.5,46.6,8.5,16.7,35.7,33.1,7.3,4.2,0.0,0.0,9.0,0.6,0.0,0.4,,23.8,0.0,0.0,0.0,,0.0,0.0,12.93,32.61,0.0,2.4,2.4,55.1,
06-20,0.5,27.1,13.9,0.0,0.0,8.3,3.8,14.8,14.3,0.0,0.0,0.0,0.0,0.0,36.8,0.0,53.3,12.9,0.0,25.8,0.0,0.0,0.0,8.1,4.9,45.4,7.6,15.9,34.9,32.2,6.7,2.1,0.0,0.0,7.3,0.0,0.0,0.0,,22.9,0.0,0.0,0.0,,0.0,0.0,11.52,31.69,0.0,1.0,1.3,53.3,
06-21,0.4,26.9,11.4,0.0,0.0,6.2,2.9,12.8,13.3,0.0,0.0,0.0,0.0,0.0,35.2,0.0,52.1,11.6,0.0,23.8,0.0,0.0,0.0,7.0,2.6,43.1,6.6,15.0,33.5,30.3,5.9,1.2,0.0,0.0,6.0,0.0,0.0,0.0,,21.7,0.0,0.0,0.0,,0.0,0.0,10.08,29.96,0.0,0.6,0.8,52.1,
06-22,0.4,25.5,9.0,0.0,0.0,3.3,1.3,10.6,12.4,0.0,0.0,0.0,0.0,0.0,34.4,0.0,50.9,10.3,0.0,21.5,0.0,0.0,0.0,6.2,1.1,41.6,6.2,13.7,31.6,28.0,4.7,0.4,0.0,0.0,4.7,0.0,0.0,0.0,,20.1,0.0,0.0,0.0,,0.0,0.0,8.16,27.75,0.0,0.2,0.4,50.9,
06-23,0.4,24.1,6.6,0.0,0.0,2.0,0.0,8.5,11.3,0.0,0.0,0.0,0.0,0.0,32.6,0.0,49.4,9.2,0.0,19.7,0.0,0.0,0.0,4.6,0.4,40.3,5.5,11.9,29.6,27.4,3.1,0.0,0.0,0.0,3.4,0.0,0.0,0.0,,18.5,0.0,0.0,0.0,,0.0,0.0,6.27,27.07,0.0,0.0,0.0,49.4,
06-24,0.4,22.3,4.9,0.0,0.0,0.7,0.0,6.3,10.1,0.0,0.0,0.0,0.0,0.0,31.2,0.0,47.4,8.1,0.0,18.3,0.0,0.0,0.0,3.1,0.2,39.4,3.5,10.1,28.9,26.2,1.8,0.0,0.0,0.0,1.3,0.0,0.0,0.0,,16.9,0.0,0.0,0.0,,0.0,0.0,4.48,25.81,0.0,0.0,0.0,47.4,
06-25,0.4,20.1,3.8,0.0,0.0,0.1,0.0,3.8,9.1,0.0,0.0,0.0,0.0,0.0,28.6,0.0,47.5,7.0,0.0,16.6,0.0,0.0,0.0,1.5,0.3,37.9,1.9,8.6,27.6,25.4,0.7,0.0,0.0,0.0,0.0,0.0,0.0,0.0,,15.3,0.0,0.0,0.0,,0.0,0.0,3.23,24.87,0.0,0.0,0.0,47.5,
06-26,0.4,18.3,1.0,0.0,0.0,0.0,0.0,1.3,8.1,0.0,0.0,0.0,0.0,0.0,26.3,0.0,44.3,5.5,0.0,14.7,0.0,0.0,0.0,0.3,0.1,36.5,1.8,6.9,26.5,24.5,0.0,0.0,0.0,0.0,0.0,0.0,0.0,0.0,,13.1,0.0,0.0,0.0,,0.0,0.0,1.21,23.88,0.0,0.0,0.0,44.3,
06-27,0.4,16.8,0.4,0.0,0.0,0.0,0.0,0.3,7.2,0.0,0.0,0.0,0.0,0.0,24.4,0.0,42.9,3.3,0.0,12.6,0.0,0.0,0.0,0.0,0.0,34.9,0.0,5.1,25.0,23.7,0.0,0.0,0.0,0.0,0.0,0.0,0.0,0.0,,10.4,0.0,0.0,0.0,,0.0,0.0,0.37,23.01,0.0,0.0,0.0,42.9,
06-28,0.3,15.5,0.0,0.0,0.0,0.0,0.0,0.0,5.8,0.0,0.0,0.0,0.0,0.0,22.6,0.0,41.7,1.2,0.0,11.5,0.0,0.0,0.0,0.0,0.0,32.9,0.0,3.0,23.0,22.2,0.0,0.0,0.0,0.0,0.0,0.0,0.0,0.0,,7.6,0.0,0.0,0.0,,0.0,0.0,0.0,21.53,0.0,0.0,0.0,41.7,
06-29,0.3,14.1,0.0,0.0,0.0,0.0,0.0,0.0,3.5,0.0,0.0,0.0,0.0,0.0,20.9,0.0,40.8,0.5,0.0,10.7,0.0,0.0,0.0,0.0,0.0,29.9,0.0,1.1,21.4,20.6,0.0,0.0,0.0,0.0,0.0,0.0,0.0,0.0,0.0,6.1,0.0,0.0,0.0,,0.0,0.0,0.0,19.3,0.0,0.0,0.0,40.8,
06-30,0.3,13.2,0.0,0.0,0.0,0.0,0.0,0.0,2.5,0.0,0.0,0.0,0.0,0.0,19.0,0.0,39.4,0.2,0.0,9.2,0.0,0.0,0.0,0.0,0.0,27.0,0.0,0.3,19.6,18.9,0.0,0.0,0.0,0.0,0.0,0.0,0.0,0.0,0.0,4.5,0.0,0.0,0.0,,0.0,0.0,0.0,17.76,0.0,0.0,0.0,39.4,
07-01,0.3,11.9,0.0,0.0,0.0,0.0,0.0,0.0,1.1,0.0,0.0,0.0,0.0,0.0,17.8,0.0,38.2,0.1,0.0,8.8,0.0,0.0,0.0,0.0,0.0,24.2,0.0,0.0,18.4,17.4,0.0,0.0,0.0,0.0,0.0,0.0,0.0,0.0,0.0,2.6,0.0,0.0,0.0,,0.0,0.0,0.0,16.3,0.0,0.0,0.0,38.2,
07-02,0.3,10.7,0.0,0.0,0.0,0.0,0.0,0.0,0.2,0.0,0.0,0.0,0.0,0.0,16.5,0.0,37.1,0.1,0.0,7.6,0.0,0.0,0.0,0.0,0.0,21.8,0.0,0.0,16.8,16.2,0.0,0.0,0.0,0.0,0.0,0.0,0.0,0.0,0.0,1.0,0.0,0.0,0.0,,0.0,0.0,0.0,15.1,0.0,0.0,0.0,37.1,
07-03,0.3,9.1,0.0,0.0,0.0,0.0,0.0,0.0,0.0,0.0,0.0,0.0,0.0,0.0,14.9,0.0,36.6,0.0,0.0,6.6,0.0,0.0,0.0,0.0,0.0,19.8,0.0,0.0,14.8,15.1,0.0,0.0,0.0,0.0,0.0,0.0,0.0,0.0,0.0,0.0,0.0,0.0,0.0,,0.0,0.0,0.0,13.66,0.0,0.0,0.0,36.6,
07-04,0.3,7.3,0.0,0.0,0.0,0.0,0.0,0.0,0.0,0.0,0.0,0.0,0.0,0.0,12.8,0.0,35.3,0.0,0.0,6.0,0.0,0.0,0.0,0.0,0.0,17.6,0.0,0.0,13.8,13.9,0.0,0.0,0.0,0.0,0.0,0.0,0.0,0.0,0.0,0.0,0.0,0.0,0.0,,0.0,0.0,0.0,11.7,0.0,0.0,0.0,35.3,
07-05,0.3,6.3,0.0,0.0,0.0,0.0,0.0,0.0,0.0,0.0,0.0,0.0,0.0,0.0,10.2,0.0,33.9,0.0,0.0,5.0,0.0,0.0,0.0,0.0,0.0,16.3,0.0,0.0,12.6,12.5,0.0,0.0,0.0,0.0,0.0,0.0,0.0,0.0,0.0,0.0,0.0,0.0,0.0,,0.0,0.0,0.0,9.42,0.0,0.0,0.0,33.9,
07-06,0.0,4.2,0.0,0.0,0.0,0.0,0.0,0.0,0.0,0.0,0.0,0.0,0.0,0.0,8.7,0.0,31.5,0.0,0.0,3.6,0.0,0.0,0.0,0.0,0.0,15.1,0.0,0.0,11.2,10.9,0.0,0.0,0.0,0.0,0.0,0.0,0.0,0.0,0.0,0.0,0.0,0.0,0.0,,0.0,0.0,0.0,7.8,0.0,0.0,0.0,31.5,
07-07,0.0,1.8,0.0,0.0,0.0,0.0,0.0,0.0,0.0,0.0,0.0,0.0,0.0,0.0,7.1,0.0,28.4,0.0,0.0,1.7,0.0,0.0,0.0,0.0,0.0,12.6,0.0,0.0,9.6,9.2,0.0,0.0,0.0,0.0,0.0,0.0,0.0,0.0,0.0,0.0,0.0,0.0,0.0,,0.0,0.0,0.0,6.04,0.0,0.0,0.0,28.4,
07-08,0.0,0.4,0.0,0.0,0.0,0.0,0.0,0.0,0.0,0.0,0.0,0.0,0.0,0.0,5.8,0.0,26.8,0.0,0.0,0.0,0.0,0.0,0.0,0.0,0.0,12.4,0.0,0.0,8.7,7.3,0.0,0.0,0.0,0.0,0.0,0.0,0.0,0.0,0.0,0.0,0.0,0.0,0.0,,0.0,0.0,0.0,4.72,0.0,0.0,0.0,26.8,
07-09,0.0,0.1,0.0,0.0,0.0,0.0,0.0,0.0,0.0,0.0,0.0,0.0,0.0,0.0,4.9,0.0,25.0,0.0,0.0,0.0,0.0,0.0,0.0,0.0,0.0,10.9,0.0,0.0,8.1,5.1,0.0,0.0,0.0,0.0,0.0,0.0,0.0,0.0,0.0,0.0,0.0,0.0,0.0,,0.0,0.0,0.0,3.94,0.0,0.0,0.0,25.0,
07-10,0.0,0.0,0.0,0.0,0.0,0.0,0.0,0.0,0.0,0.0,0.0,0.0,0.0,0.0,3.8,0.0,22.5,0.0,0.0,0.0,0.0,0.0,0.0,0.0,0.0,9.4,0.0,0.0,7.2,2.6,0.0,0.0,0.0,0.0,0.0,0.0,0.0,0.0,0.0,0.0,0.0,0.0,0.0,,0.0,0.0,0.0,2.08,0.0,0.0,0.0,22.5,
07-11,0.0,0.0,0.0,0.0,0.0,0.0,0.0,0.0,0.0,0.0,0.0,0.0,0.0,0.0,3.2,0.0,20.0,0.0,0.0,0.0,0.0,0.0,0.0,0.0,0.0,8.4,0.0,0.0,6.2,0.2,0.0,0.0,0.0,0.0,0.0,0.0,0.0,0.0,0.0,0.0,0.0,0.0,0.0,,0.0,0.0,0.0,0.16,0.0,0.0,0.0,20.0,
07-12,0.0,0.0,0.0,0.0,0.0,0.0,0.0,0.0,0.0,0.0,0.0,0.0,0.0,0.0,2.1,0.0,17.9,0.0,0.0,0.0,0.0,0.0,0.0,0.0,0.0,7.1,0.0,0.0,5.2,0.0,0.0,0.0,0.0,0.0,0.0,0.0,0.0,0.0,0.0,0.0,0.0,0.0,0.0,,0.0,0.0,0.0,0.0,0.0,0.0,0.0,17.9,
07-13,0.0,0.0,0.0,0.0,0.0,0.0,0.0,0.0,0.0,0.0,0.0,0.0,0.0,0.0,0.8,0.0,16.2,0.0,0.0,0.0,0.0,0.0,0.0,0.0,0.0,5.4,0.0,0.0,4.2,0.0,0.0,0.0,0.0,0.0,0.0,0.0,0.0,0.0,0.0,0.0,0.0,0.0,0.0,,0.0,0.0,0.0,0.0,0.0,0.0,0.0,16.2,
07-14,0.0,0.0,0.0,0.0,0.0,0.0,0.0,0.0,0.0,0.0,0.0,0.0,0.0,0.0,0.0,0.0,14.6,0.0,0.0,0.0,0.0,0.0,0.0,0.0,0.0,3.2,0.0,0.0,3.0,0.0,0.0,0.0,0.0,0.0,0.0,0.0,0.0,0.0,0.0,0.0,0.0,0.0,0.0,,0.0,0.0,0.0,0.0,0.0,0.0,0.0,14.6,
07-15,0.0,0.0,0.0,0.0,0.0,0.0,0.0,0.0,0.0,0.0,0.0,0.0,0.0,0.0,0.0,0.0,14.0,0.0,0.0,0.0,0.0,0.0,0.0,0.0,0.0,1.7,0.0,0.0,2.1,0.0,0.0,0.0,0.0,0.0,0.0,0.0,0.0,0.0,0.0,0.0,0.0,0.0,0.0,,0.0,0.0,0.0,0.0,0.0,0.0,0.0,14.0,
07-16,0.0,0.0,0.0,0.0,0.0,0.0,0.0,0.0,0.0,0.0,0.0,0.0,0.0,0.0,0.0,0.0,12.7,0.0,0.0,0.0,0.0,0.0,0.0,0.0,0.0,0.7,0.0,0.0,0.3,0.0,0.0,0.0,0.0,0.0,0.0,0.0,0.0,0.0,0.0,0.0,0.0,0.0,0.0,,0.0,0.0,0.0,0.0,0.0,0.0,0.0,12.7,
07-17,0.0,0.0,0.0,0.0,0.0,0.0,0.0,0.0,0.0,0.0,0.0,0.0,0.0,0.0,0.0,0.0,11.7,0.0,0.0,0.0,0.0,0.0,0.0,0.0,0.0,0.0,0.0,0.0,0.0,0.0,0.0,0.0,0.0,0.0,0.0,0.0,0.0,0.0,0.0,0.0,0.0,0.0,0.0,,0.0,0.0,0.0,0.0,0.0,0.0,0.0,11.7,
07-18,0.0,0.0,0.0,0.0,0.0,0.0,0.0,0.0,0.0,0.0,0.0,0.0,0.0,0.0,0.0,0.0,10.7,0.0,0.0,0.0,0.0,0.0,0.0,0.0,0.0,0.0,0.0,0.0,0.0,0.0,0.0,0.0,0.0,0.0,0.0,0.0,0.0,0.0,0.0,0.0,0.0,0.0,0.0,,0.0,0.0,0.0,0.0,0.0,0.0,0.0,10.7,
07-19,0.0,0.0,0.0,0.0,0.0,0.0,0.0,0.0,0.0,0.0,0.0,0.0,0.0,0.0,0.0,0.0,9.4,0.0,0.0,0.0,0.0,0.0,0.0,0.0,0.0,0.0,0.0,0.0,0.0,0.0,0.0,0.0,0.0,0.0,0.0,0.0,0.0,0.0,0.0,0.0,0.0,0.0,0.0,,0.0,0.0,0.0,0.0,0.0,0.0,0.0,9.4,
07-20,0.0,0.0,0.0,0.0,0.0,0.0,0.0,0.0,0.0,0.0,0.0,0.0,0.0,0.0,0.0,0.0,8.1,0.0,0.0,0.0,0.0,0.0,0.0,0.0,0.0,0.0,0.0,0.0,0.0,0.0,0.0,0.0,0.0,0.0,0.0,0.0,0.0,0.0,0.0,0.0,0.0,0.0,0.0,,0.0,0.0,0.0,0.0,0.0,0.0,0.0,8.1,
07-21,0.0,0.0,0.0,0.0,0.0,0.0,0.0,0.0,0.0,0.0,0.0,0.0,0.0,0.0,0.0,0.0,6.5,0.0,0.0,0.0,0.0,0.0,0.0,0.0,0.0,0.0,0.0,0.0,0.0,0.0,0.0,0.0,0.0,0.0,0.0,0.0,0.0,0.0,0.0,0.0,0.0,0.0,0.0,,0.0,0.0,0.0,0.0,0.0,0.0,0.0,6.5,
07-22,0.0,0.0,0.0,0.0,0.0,0.0,0.0,0.0,0.0,0.0,0.0,0.0,0.0,0.0,0.0,0.0,4.7,0.0,0.0,0.0,0.0,0.0,0.0,0.0,0.0,0.0,0.0,0.0,0.0,0.0,0.0,0.0,0.0,0.0,0.0,0.0,0.0,0.0,0.0,0.0,0.0,0.0,0.0,,0.0,0.0,0.0,0.0,0.0,0.0,0.0,4.7,
07-23,0.0,0.0,0.0,0.0,0.0,0.0,0.0,0.0,0.0,0.0,0.0,0.0,0.0,0.0,0.0,0.0,2.1,0.0,0.0,0.0,0.0,0.0,0.0,0.0,0.0,0.0,0.0,0.0,0.0,0.0,0.0,0.0,0.0,0.0,0.0,0.0,0.0,0.0,0.0,0.0,0.0,0.0,0.0,,0.0,0.0,0.0,0.0,0.0,0.0,0.0,2.1,
07-24,0.0,0.0,0.0,0.0,0.0,0.0,0.0,0.0,0.0,0.0,0.0,0.0,0.0,0.0,0.0,0.0,2.1,0.0,0.0,0.0,0.0,0.0,0.0,0.0,0.0,0.0,0.0,0.0,0.0,0.0,0.0,0.0,0.0,0.0,0.0,0.0,0.0,0.0,0.0,0.0,0.0,0.0,0.0,,0.0,0.0,0.0,0.0,0.0,0.0,0.0,2.1,
07-25,0.0,0.0,0.0,0.0,0.0,0.0,0.0,0.0,0.0,0.0,0.0,0.0,0.0,0.0,0.0,0.0,1.7,0.0,0.0,0.0,0.0,0.0,0.0,0.0,0.0,0.0,0.0,0.0,0.0,0.0,0.0,0.0,0.0,0.0,0.0,0.0,0.0,0.0,0.0,0.0,0.0,0.0,0.0,,0.0,0.0,0.0,0.0,0.0,0.0,0.0,1.7,
07-26,0.0,0.0,0.0,0.0,0.0,0.0,0.0,0.0,0.0,0.0,0.0,0.0,0.0,0.0,0.0,0.0,1.0,0.0,0.0,0.0,0.0,0.0,0.0,0.0,0.0,0.0,0.0,0.0,0.0,0.0,0.0,0.0,0.0,0.0,0.0,0.0,0.0,0.0,0.0,0.0,0.0,0.0,0.0,,0.0,0.0,0.0,0.0,0.0,0.0,0.0,1.0,
07-27,0.0,0.0,0.0,0.0,0.0,0.0,0.0,0.0,0.0,0.0,0.0,0.0,0.0,0.0,0.0,0.0,0.0,0.0,0.0,0.0,0.0,0.0,0.0,0.0,0.0,0.0,0.0,0.0,0.0,0.0,0.0,0.0,0.0,0.0,0.0,0.0,0.0,0.0,0.0,0.0,0.0,0.0,0.0,,0.0,0.0,0.0,0.0,0.0,0.0,0.0,0.0,
07-28,0.0,0.0,0.0,0.0,0.0,0.0,0.0,0.0,0.0,0.0,0.0,0.0,0.0,0.0,0.0,0.0,0.0,0.0,0.0,0.0,0.0,0.0,0.0,0.0,0.0,0.0,0.0,0.0,0.0,0.0,0.0,0.0,0.0,0.0,0.0,0.0,0.0,0.0,0.0,0.0,0.0,0.0,0.0,,0.0,0.0,0.0,0.0,0.0,0.0,0.0,0.0,
07-29,0.0,0.0,0.0,0.0,0.0,0.0,0.0,0.0,0.0,0.0,0.0,0.0,0.0,0.0,0.0,0.0,0.0,0.0,0.0,0.0,0.0,0.0,0.0,0.0,0.0,0.0,0.0,0.0,0.0,0.0,0.0,0.0,0.0,0.0,0.0,0.0,0.0,0.0,0.0,0.0,0.0,0.0,0.0,,0.0,0.0,0.0,0.0,0.0,0.0,0.0,0.0,
07-30,0.0,0.0,0.0,0.0,0.0,0.0,0.0,0.0,0.0,0.0,0.0,0.0,0.0,0.0,0.0,0.0,0.0,0.0,0.0,0.0,0.0,0.0,0.0,0.0,0.0,0.0,0.0,0.0,0.0,0.0,0.0,0.0,0.0,0.0,0.0,0.0,0.0,0.0,0.0,0.0,0.0,0.0,0.0,,0.0,0.0,0.0,0.0,0.0,0.0,0.0,0.0,
07-31,0.0,0.0,0.0,0.0,0.0,0.0,0.0,0.0,0.0,0.0,0.0,0.0,0.0,0.0,0.0,0.0,0.0,0.0,0.0,0.0,0.0,0.0,0.0,0.0,0.0,0.0,0.0,0.0,0.0,0.0,0.0,0.0,0.0,0.0,0.0,0.0,0.0,0.0,0.0,0.0,0.0,0.0,0.0,,0.0,0.0,0.0,0.0,0.0,0.0,0.0,0.0,
08-01,0.0,0.0,0.0,0.0,0.0,0.0,0.0,0.0,0.0,0.0,0.0,0.0,0.0,0.0,0.0,0.0,0.0,0.0,0.0,0.0,0.0,0.0,0.0,0.0,0.0,0.0,0.0,0.0,0.0,0.0,0.0,0.0,0.0,0.0,0.0,0.0,0.0,0.0,0.0,0.0,0.0,0.0,0.0,,0.0,0.0,0.0,0.0,0.0,0.0,0.0,0.0,
08-02,0.0,0.0,0.0,0.0,0.0,0.0,0.0,0.0,0.0,0.0,0.0,0.0,0.0,0.0,0.0,0.0,0.0,0.0,0.0,0.0,0.0,0.0,0.0,0.0,0.0,0.0,0.0,0.0,0.0,0.0,0.0,0.0,0.0,0.0,0.0,0.0,0.0,0.0,0.0,0.0,0.0,0.0,0.0,,0.0,0.0,0.0,0.0,0.0,0.0,0.0,0.0,
08-03,0.0,0.0,0.0,0.0,0.0,0.0,0.0,0.0,0.0,0.0,0.0,0.0,0.0,0.0,0.0,0.0,0.0,0.0,0.0,0.0,0.0,0.0,0.0,0.0,0.0,0.0,0.0,0.0,0.0,0.0,0.0,0.0,0.0,0.0,0.0,0.0,0.0,0.0,0.0,0.0,0.0,0.0,0.0,,0.0,0.0,0.0,0.0,0.0,0.0,0.0,0.0,
08-04,0.0,0.0,0.0,0.0,0.0,0.0,0.0,0.0,0.0,0.0,0.0,0.0,0.0,0.0,0.0,0.0,0.0,0.0,0.0,0.0,0.0,0.0,0.0,0.0,0.0,0.0,0.0,0.0,0.0,0.0,0.0,0.0,0.0,0.0,0.0,0.0,0.0,0.0,0.0,0.0,0.0,0.0,0.0,,0.0,0.0,0.0,0.0,0.0,0.0,0.0,0.0,
08-05,0.0,0.0,0.0,0.0,0.0,0.0,0.0,0.0,0.0,0.0,0.0,0.0,0.0,0.0,0.0,0.0,0.0,0.0,0.0,0.0,0.0,0.0,0.0,0.0,0.0,0.0,0.0,0.0,0.0,0.0,0.0,0.0,0.0,0.0,0.0,0.0,0.0,0.0,0.0,0.0,0.0,0.0,0.0,,0.0,0.0,0.0,0.0,0.0,0.0,0.0,0.0,
08-06,0.0,0.0,0.0,0.0,0.0,0.0,0.0,0.0,0.0,0.0,0.0,0.0,0.0,0.0,0.0,0.0,0.0,0.0,0.0,0.0,0.0,0.0,0.0,0.0,0.0,0.0,0.0,0.0,0.0,0.0,0.0,0.0,0.0,0.0,0.0,0.0,0.0,0.0,0.0,0.0,0.0,0.0,0.0,,0.0,0.0,0.0,0.0,0.0,0.0,0.0,0.0,
08-07,0.0,0.0,0.0,0.0,0.0,0.0,0.0,0.0,0.0,0.0,0.0,0.0,0.0,0.0,0.0,0.0,0.0,0.0,0.0,0.0,0.0,0.0,0.0,0.0,0.0,0.0,0.0,0.0,0.0,0.0,0.0,0.0,0.0,0.0,0.0,0.0,0.0,0.0,0.0,0.0,0.0,0.0,0.0,,0.0,0.0,0.0,0.0,0.0,0.0,0.0,0.0,
08-08,0.0,0.0,0.0,0.0,0.0,0.0,0.0,0.0,0.0,0.0,0.0,0.0,0.0,0.0,0.0,0.0,0.0,0.0,0.0,0.0,0.0,0.0,0.0,0.0,0.0,0.0,0.0,0.0,0.0,0.0,0.0,0.0,0.0,0.0,0.0,0.0,0.0,0.0,0.0,0.0,0.0,0.0,0.0,,0.0,0.0,0.0,0.0,0.0,0.0,0.0,0.0,
08-09,0.0,0.0,0.0,0.0,0.0,0.0,0.0,0.0,0.0,0.0,0.0,0.0,0.0,0.0,0.0,0.0,0.0,0.0,0.0,0.0,0.0,0.0,0.0,0.0,0.0,0.0,0.0,0.0,0.0,0.0,0.0,0.0,0.0,0.0,0.0,0.0,0.0,0.0,0.0,0.0,0.0,0.0,0.0,,0.0,0.0,0.0,0.0,0.0,0.0,0.0,0.0,
08-10,0.0,0.0,0.0,0.0,0.0,0.0,0.0,0.0,0.0,0.0,0.0,0.0,0.0,0.0,0.0,0.0,0.0,0.0,0.0,0.0,0.0,0.0,0.0,0.0,0.0,0.0,0.0,0.0,0.0,0.0,0.0,0.0,0.0,0.0,0.0,0.0,0.0,0.0,0.0,0.0,0.0,0.0,0.0,,0.0,0.0,0.0,0.0,0.0,0.0,0.0,0.0,
08-11,0.0,0.0,0.0,0.0,0.0,0.0,0.0,0.0,0.0,0.0,0.0,0.0,0.0,0.0,0.0,0.0,0.0,0.0,0.0,0.0,0.0,0.0,0.0,0.0,0.0,0.0,0.0,0.0,0.0,0.0,0.0,0.0,0.0,0.0,0.0,0.0,0.0,0.0,0.0,0.0,0.0,0.0,0.0,,0.0,0.0,0.0,0.0,0.0,0.0,0.0,0.0,
08-12,0.0,0.0,0.0,0.0,0.0,0.0,0.0,0.0,0.0,0.0,0.0,0.0,0.0,0.0,0.0,0.0,0.0,0.0,0.0,0.0,0.0,0.0,0.0,0.0,0.0,0.0,0.0,0.0,0.0,0.0,0.0,0.0,0.0,0.0,0.0,0.0,0.0,0.0,0.0,0.0,0.0,0.0,0.0,,0.0,0.0,0.0,0.0,0.0,0.0,0.0,0.0,
08-13,0.0,0.0,0.0,0.0,0.0,0.0,0.0,0.0,0.0,0.0,0.0,0.0,0.0,0.0,0.0,0.0,0.0,0.0,0.0,0.0,0.0,0.0,0.0,0.0,0.0,0.0,0.0,0.0,0.0,0.0,0.0,0.0,0.0,0.0,0.0,0.0,0.0,0.0,0.0,0.0,0.0,0.0,0.0,,0.0,0.0,0.0,0.0,0.0,0.0,0.0,0.0,
08-14,0.0,0.0,0.0,0.0,0.0,0.0,0.0,0.0,0.0,0.0,0.0,0.0,0.0,0.0,0.0,0.0,0.0,0.0,0.0,0.0,0.0,0.0,0.0,0.0,0.0,0.0,0.0,0.0,0.0,0.0,0.0,0.0,0.0,0.0,0.0,0.0,0.0,0.0,0.0,0.0,0.0,0.0,0.0,,0.0,0.0,0.0,0.0,0.0,0.0,0.0,0.0,
08-15,0.0,0.0,0.0,0.0,0.0,0.0,0.0,0.0,0.0,0.0,0.0,0.0,0.0,0.0,0.0,0.0,0.0,0.0,0.0,0.0,0.0,0.0,0.0,0.0,0.0,0.0,0.0,0.0,0.0,0.0,0.0,0.0,0.0,0.0,0.0,0.0,0.0,0.0,0.0,0.0,0.0,0.0,0.0,,0.0,0.0,0.0,0.0,0.0,0.0,0.0,0.0,
08-16,0.0,0.0,0.0,0.0,0.0,0.0,0.0,0.0,0.0,0.0,0.0,0.0,0.0,0.0,0.0,0.0,0.0,0.0,0.0,0.0,0.0,0.0,0.0,0.0,0.0,0.0,0.0,0.0,0.0,0.0,0.0,0.0,0.0,0.0,0.0,0.0,0.0,0.0,0.0,0.0,0.0,0.0,0.0,,0.0,0.0,0.0,0.0,0.0,0.0,0.0,0.0,
08-17,0.0,0.0,0.0,0.0,0.0,0.0,0.0,0.0,0.0,0.0,0.0,0.0,0.0,0.0,0.0,0.0,0.0,0.0,0.0,0.0,0.0,0.0,0.0,0.0,0.0,0.0,0.0,0.0,0.0,0.0,0.0,0.0,0.0,0.0,0.0,0.0,0.0,0.0,0.0,0.0,0.0,0.0,0.0,,0.0,0.0,0.0,0.0,0.0,0.0,0.0,0.0,
08-18,0.0,0.0,0.0,0.0,0.0,0.0,0.0,0.0,0.0,0.0,0.0,0.0,0.0,0.0,0.0,0.0,0.0,0.0,0.0,0.0,0.0,0.0,0.0,0.0,0.0,0.0,0.0,0.0,0.0,0.0,0.0,0.0,0.0,0.0,0.0,0.0,0.0,0.0,0.0,0.0,0.0,0.0,0.0,,0.0,0.0,0.0,0.0,0.0,0.0,0.0,0.0,
08-19,0.0,0.0,0.0,0.0,0.0,0.0,0.0,0.0,0.0,0.0,0.0,0.0,0.0,0.0,0.0,0.0,0.0,0.0,0.0,0.0,0.0,0.0,0.0,0.0,0.0,0.0,0.0,0.0,0.0,0.0,0.0,0.0,0.0,0.0,0.0,0.0,0.0,0.0,0.0,0.0,0.0,0.0,0.0,,0.0,0.0,0.0,0.0,0.0,0.0,0.0,0.0,
08-20,0.0,0.0,0.0,0.0,0.0,0.0,0.0,0.0,0.0,0.0,0.0,0.0,0.0,0.0,0.0,0.0,0.0,0.0,0.0,0.0,0.0,0.0,0.0,0.0,0.0,0.0,0.0,0.0,0.0,0.0,0.0,0.0,0.0,0.0,0.0,0.0,0.0,0.0,0.0,0.0,0.0,0.0,0.0,,0.0,0.0,0.0,0.0,0.0,0.0,0.0,0.0,
08-21,0.0,0.0,0.0,0.0,0.0,0.0,0.0,0.0,0.0,0.0,0.0,0.0,0.0,0.0,0.0,0.0,0.0,0.0,0.0,0.0,0.0,0.0,0.0,0.0,0.0,0.0,0.0,0.0,0.0,0.0,0.0,0.0,0.0,0.0,0.0,0.0,0.0,0.0,0.0,0.0,0.0,0.0,0.0,,0.0,0.0,0.0,0.0,0.0,0.0,0.0,0.0,
08-22,0.0,0.0,0.0,0.0,0.0,0.0,0.0,0.0,0.0,0.0,0.0,0.0,0.0,0.0,0.0,0.0,0.0,0.0,0.0,0.0,0.0,0.0,0.0,0.0,0.0,0.0,0.0,0.0,0.0,0.0,0.0,0.0,0.0,0.0,0.0,0.0,0.0,0.0,0.0,0.0,0.0,0.0,0.0,,0.0,0.0,0.0,0.0,0.0,0.0,0.0,0.0,
08-23,0.0,0.0,0.0,0.0,0.0,0.0,0.0,0.0,0.0,0.0,0.0,0.0,0.0,0.0,0.0,0.0,0.0,0.0,0.0,0.0,0.0,0.0,0.0,0.0,0.0,0.0,0.0,0.0,0.0,0.0,0.0,0.0,0.0,0.0,0.0,0.0,0.0,0.0,0.0,0.0,0.0,0.0,0.0,,0.0,0.0,0.0,0.0,0.0,0.0,0.0,0.0,
08-24,0.0,0.0,0.0,0.0,0.0,0.0,0.0,0.0,0.0,0.0,0.0,0.0,0.0,0.0,0.0,0.0,0.0,0.0,0.0,0.0,0.0,0.0,0.0,0.0,0.0,0.0,0.0,0.0,0.0,0.0,0.0,0.0,0.0,0.0,0.0,0.0,0.0,0.0,0.0,0.0,0.0,0.0,0.0,,0.0,0.0,0.0,0.0,0.0,0.0,0.0,0.0,
08-25,0.0,0.0,0.0,0.0,0.0,0.0,0.0,0.0,0.0,0.0,0.0,0.0,0.0,0.0,0.0,0.0,0.0,0.0,0.0,0.0,0.0,0.0,0.0,0.0,0.0,0.0,0.0,0.0,0.0,0.0,0.0,0.0,0.0,0.0,0.0,0.0,0.0,0.0,0.0,0.0,0.0,0.0,0.0,,0.0,0.0,0.0,0.0,0.0,0.0,0.0,0.0,
08-26,0.0,0.0,0.0,0.0,0.0,0.0,0.0,0.0,0.0,0.0,0.0,0.0,0.0,0.0,0.0,0.0,0.0,0.0,0.0,0.0,0.0,0.0,0.0,0.0,0.0,0.0,0.0,0.0,0.0,0.0,0.0,0.0,0.0,0.0,0.0,0.0,0.0,0.0,0.0,0.0,0.0,0.0,0.0,,0.0,0.0,0.0,0.0,0.0,0.0,0.0,0.0,
08-27,0.0,0.0,0.0,0.0,0.0,0.0,0.0,0.0,0.0,0.0,0.0,0.0,0.0,0.0,0.0,0.0,0.0,0.0,0.0,0.0,0.0,0.0,0.0,0.0,0.0,0.0,0.0,0.0,0.0,0.0,0.0,0.0,0.0,0.0,0.0,0.0,0.0,0.0,0.0,0.0,0.0,0.0,0.0,,0.0,0.0,0.0,0.0,0.0,0.0,0.0,0.0,
08-28,0.0,0.0,0.0,0.0,0.0,0.0,0.0,0.0,0.0,0.0,0.0,0.0,0.0,0.0,0.0,0.0,0.0,0.0,0.0,0.0,0.0,0.0,0.0,0.0,0.0,0.0,0.0,0.0,0.0,0.0,0.0,0.0,0.0,0.0,0.0,0.0,0.0,0.0,0.0,0.0,0.0,0.0,0.0,,0.0,0.0,0.0,0.0,0.0,0.0,0.0,0.0,
08-29,0.0,0.0,0.0,0.0,0.0,0.0,0.0,0.0,0.0,0.0,0.0,0.0,0.0,0.0,0.0,0.0,0.0,0.0,0.0,0.0,0.0,0.0,0.0,0.0,0.0,0.0,0.0,0.0,0.0,0.0,0.0,0.0,0.0,0.0,0.0,0.0,0.0,0.0,0.0,0.0,0.0,0.0,0.0,,0.0,0.0,0.0,0.0,0.0,0.0,0.0,0.0,
08-30,0.0,0.0,0.0,0.0,0.0,0.0,0.0,0.0,0.0,0.0,0.0,0.0,0.0,0.0,0.0,0.0,0.0,0.0,0.0,0.0,0.0,0.0,0.0,0.0,0.0,0.0,0.0,0.0,0.0,0.0,0.0,0.0,0.0,0.0,0.0,0.0,0.0,0.0,0.0,0.0,0.0,0.0,0.0,,0.0,0.0,0.0,0.0,0.0,0.0,0.0,0.0,
08-31,0.0,0.0,0.0,0.0,0.0,0.0,0.0,0.0,0.0,0.0,0.0,0.0,0.0,0.0,0.0,0.0,0.0,0.0,0.0,0.0,0.0,0.0,0.0,0.0,0.0,0.0,0.0,0.0,0.0,0.0,0.0,0.0,0.0,0.0,0.0,0.0,0.0,0.0,0.0,0.0,0.0,0.0,0.0,,0.0,0.0,0.0,0.0,0.0,0.0,0.0,0.0,
09-01,0.0,0.0,0.0,0.0,0.0,0.0,0.0,0.0,0.0,0.0,0.0,0.0,0.0,0.0,0.0,0.0,0.0,0.0,0.0,0.0,0.0,0.0,0.0,0.0,0.0,0.0,0.0,0.0,0.0,0.0,0.0,0.0,0.0,0.0,0.0,0.0,0.0,0.0,0.0,0.0,0.0,0.0,0.0,,0.0,0.0,0.0,0.0,0.0,0.0,0.0,0.0,
09-02,0.0,0.0,0.0,0.0,0.0,0.0,0.0,0.0,0.0,0.0,0.0,0.0,0.0,0.0,0.0,0.0,0.0,0.0,0.0,0.0,0.0,0.0,0.0,0.0,0.0,0.0,0.0,0.0,0.0,0.0,0.0,0.0,0.0,0.0,0.0,0.0,0.0,0.0,0.0,0.0,0.0,0.0,0.0,,0.0,0.0,0.0,0.0,0.0,0.0,0.0,0.0,
09-03,0.0,0.0,0.0,0.0,0.0,0.0,0.0,0.0,0.0,0.0,0.0,0.0,0.0,0.0,0.0,0.0,0.0,0.0,0.0,0.0,0.0,0.0,0.0,0.0,0.0,0.0,0.0,0.0,0.0,0.0,0.0,0.0,0.0,0.0,0.0,0.0,0.0,0.0,0.0,0.0,0.0,0.0,0.0,,0.0,0.0,0.0,0.0,0.0,0.0,0.0,0.0,
09-04,0.0,0.0,0.0,0.0,0.0,0.0,0.0,0.0,0.0,0.0,0.0,0.0,0.0,0.0,0.0,0.0,0.0,0.0,0.0,0.0,0.0,0.0,0.0,0.0,0.0,0.0,0.0,0.0,0.0,0.0,0.0,0.0,0.0,0.0,0.0,0.0,0.0,0.0,0.0,0.0,0.0,0.0,0.0,,0.0,0.0,0.0,0.0,0.0,0.0,0.0,0.0,
09-05,0.0,0.0,0.0,0.0,0.0,0.0,0.0,0.0,0.0,0.0,0.0,0.0,0.0,0.0,0.0,0.0,0.0,0.0,0.0,0.0,0.0,0.0,0.0,0.0,0.0,0.0,0.0,0.0,0.0,0.0,0.0,0.0,0.0,0.0,0.0,0.0,0.0,0.0,0.0,0.0,0.0,0.0,0.0,,0.0,0.0,0.0,0.0,0.0,0.0,0.0,0.0,
09-06,0.0,0.0,0.0,0.0,0.0,0.0,0.0,0.0,0.0,0.0,0.0,0.0,0.0,0.0,0.0,0.0,0.0,0.0,0.0,0.0,0.0,0.0,0.0,0.0,0.0,0.0,0.0,0.0,0.0,0.0,0.0,0.0,0.0,0.0,0.0,0.0,0.0,0.0,0.0,0.0,0.0,0.0,0.0,,0.0,0.0,0.0,0.0,0.0,0.0,0.0,0.0,
09-07,0.0,0.0,0.0,0.0,0.0,0.0,0.0,0.0,0.0,0.0,0.0,0.0,0.0,0.0,0.0,0.0,0.0,0.0,0.0,0.0,0.0,0.0,0.0,0.0,0.0,0.0,0.0,0.0,0.0,0.0,0.0,0.0,0.0,0.0,0.0,0.0,0.0,0.0,0.0,0.0,0.0,0.0,0.0,,0.0,0.0,0.0,0.0,0.0,0.0,0.0,0.0,
09-08,0.0,0.0,0.0,0.0,0.0,0.0,0.0,0.0,0.0,0.0,0.0,0.0,0.0,0.0,0.0,0.0,0.0,0.0,0.0,0.0,0.0,0.0,0.0,0.0,0.0,0.0,0.0,0.0,0.0,0.0,0.0,0.0,0.0,0.0,0.0,0.0,0.0,0.0,0.0,0.0,0.0,0.0,0.0,,0.0,0.0,0.0,0.0,0.0,0.0,0.0,0.0,
09-09,0.0,0.0,0.0,0.0,0.0,0.0,0.0,0.0,0.0,0.0,0.0,0.0,0.0,0.0,0.0,0.0,0.0,0.0,0.0,0.0,0.0,0.0,0.0,0.0,0.0,0.0,0.0,0.0,0.0,0.0,0.0,0.0,0.0,0.0,0.0,0.0,0.0,0.0,0.0,0.0,0.0,0.0,0.0,,0.0,0.0,0.0,0.0,0.0,0.0,0.0,0.0,
09-10,0.0,0.0,0.0,0.0,0.0,0.0,0.0,0.0,0.0,0.0,0.0,0.0,0.0,0.0,0.0,0.0,0.0,0.0,0.0,0.0,0.0,0.0,0.0,0.0,0.0,0.0,0.0,0.0,0.0,0.0,0.0,0.0,0.0,0.0,0.0,0.0,0.0,0.0,0.0,0.0,0.0,0.0,0.0,,0.0,0.0,0.0,0.0,0.0,0.0,0.0,0.0,
09-11,0.0,0.0,0.0,0.0,0.0,0.0,0.0,0.0,0.0,0.0,0.0,0.0,0.0,0.0,0.0,0.0,0.0,0.0,0.0,0.0,0.0,0.0,0.0,0.0,0.0,0.0,0.0,0.0,0.0,0.0,0.0,0.0,0.0,0.0,0.0,0.0,0.0,0.0,0.0,0.0,0.0,0.0,0.0,,0.0,0.0,0.0,0.0,0.0,0.0,0.0,0.0,
09-12,0.0,0.0,0.0,0.0,0.0,0.0,0.0,0.0,0.0,0.0,0.0,0.0,0.0,0.0,0.0,0.0,0.0,0.0,0.0,0.0,0.0,0.0,0.0,0.0,0.0,0.0,0.0,0.0,0.0,0.0,0.0,0.0,0.0,0.0,0.0,0.0,0.0,0.0,0.0,0.0,0.0,0.0,0.0,,0.0,0.0,0.0,0.0,0.0,0.0,0.0,0.0,
09-13,0.0,0.0,0.0,0.0,0.0,0.0,0.0,0.0,0.0,0.0,0.0,0.0,0.0,0.0,0.0,0.0,0.0,0.0,0.0,0.0,0.0,0.0,0.0,0.0,0.0,0.0,0.0,0.0,0.0,0.0,0.0,0.0,0.0,0.0,0.0,0.0,0.0,0.0,0.0,0.0,0.0,0.0,0.0,,0.0,0.0,0.0,0.0,0.0,0.0,0.0,0.0,
09-14,0.0,0.0,0.0,0.0,0.0,0.0,0.0,0.0,0.0,0.0,0.0,0.0,0.0,0.0,0.0,0.0,0.0,0.0,0.0,0.0,0.0,0.0,0.0,0.0,0.0,0.0,0.0,0.0,0.0,0.0,0.0,0.0,0.0,0.0,0.0,0.0,0.0,0.0,0.0,0.0,0.0,0.0,0.0,,0.0,0.0,0.0,0.0,0.0,0.0,0.0,0.0,
09-15,0.0,0.0,0.0,0.0,0.0,0.0,0.0,0.0,0.0,0.0,0.0,0.0,0.0,0.0,0.0,0.0,0.0,0.0,0.0,0.0,0.0,0.0,0.0,0.0,0.0,0.0,0.0,0.0,0.0,0.0,0.0,0.0,0.0,0.0,0.0,0.0,0.0,0.0,0.0,0.0,0.0,0.0,0.0,,0.0,0.0,0.0,0.0,0.0,0.0,0.0,0.0,
09-16,0.0,0.0,0.0,0.0,0.0,0.0,0.0,0.0,0.0,0.0,0.0,0.0,0.0,0.0,0.0,0.0,0.0,0.0,0.0,0.0,0.0,0.0,0.0,0.0,0.0,0.0,0.0,0.0,0.0,0.0,0.0,0.0,0.0,0.0,0.0,0.0,0.0,0.0,0.0,0.0,0.0,0.0,0.0,,0.0,0.0,0.0,0.0,0.0,0.0,0.0,0.0,
09-17,0.0,0.0,0.0,0.0,0.0,0.0,0.0,0.0,0.0,0.0,0.0,0.0,0.0,0.0,0.0,0.0,0.0,0.0,0.0,0.0,0.0,0.0,0.0,0.0,0.0,0.0,0.0,0.0,0.0,0.0,0.0,0.0,0.0,0.0,0.0,0.0,0.0,0.0,0.0,0.0,0.0,0.0,0.0,,0.0,0.0,0.0,0.0,0.0,0.0,0.0,0.0,
09-18,0.0,0.0,0.0,0.0,0.0,0.0,0.0,0.0,0.0,0.0,0.0,0.0,0.0,0.0,0.0,0.0,0.0,0.0,0.0,0.0,0.0,0.0,0.0,0.0,0.0,0.0,0.0,0.0,0.0,0.0,0.0,0.0,0.0,0.0,0.0,0.0,0.0,0.0,0.0,0.0,0.0,0.0,0.0,,0.0,0.0,0.0,0.0,0.0,0.0,0.0,0.0,
09-19,0.0,0.0,0.0,0.0,0.0,0.0,0.0,0.0,0.0,0.0,0.0,0.0,0.0,0.0,0.0,0.0,0.0,0.0,0.0,0.0,0.0,0.0,0.0,0.0,0.0,0.0,0.0,0.0,0.0,0.0,0.0,0.0,0.0,0.0,0.0,0.0,0.0,0.0,0.0,0.0,0.0,0.0,0.0,,0.0,0.0,0.0,0.0,0.0,0.0,0.0,0.0,
09-20,0.0,0.0,0.0,0.0,0.0,0.0,0.0,0.0,0.0,0.0,0.0,0.0,0.0,0.0,0.0,0.0,0.0,0.0,0.0,0.0,0.0,0.0,0.0,0.0,0.0,0.0,0.0,0.0,0.0,0.0,0.0,0.0,0.0,0.0,0.0,0.0,0.0,0.0,0.0,0.0,0.0,0.0,0.0,,0.0,0.0,0.0,0.0,0.0,0.0,0.0,0.0,
09-21,0.0,0.0,0.0,0.0,0.0,0.0,0.0,0.0,0.0,0.0,0.0,0.0,0.0,0.0,0.0,0.0,0.0,0.0,0.0,0.0,0.0,0.0,0.0,0.0,0.0,0.0,0.0,0.0,0.0,0.0,0.0,0.0,0.0,0.0,0.0,0.0,0.0,0.0,0.0,0.0,0.0,0.0,0.0,,0.0,0.0,0.0,0.0,0.0,0.0,0.0,0.0,
09-22,0.0,0.0,0.0,0.0,0.0,0.0,0.0,0.0,0.0,0.0,0.0,0.0,0.0,0.0,0.0,0.0,0.0,0.0,0.0,0.0,0.0,0.0,0.0,0.0,0.0,0.0,0.0,0.0,0.0,0.0,0.0,0.0,0.0,0.0,0.0,0.0,0.0,0.0,0.0,0.0,0.0,0.0,0.0,,0.0,0.0,0.0,0.0,0.0,0.0,0.0,0.0,
09-23,0.0,0.0,0.0,0.0,0.0,0.0,0.0,0.0,0.0,0.0,0.0,0.0,0.0,0.0,0.0,0.0,0.0,0.0,0.0,0.0,0.0,0.0,0.0,0.0,0.0,0.0,0.0,0.0,0.0,0.0,0.0,0.0,0.0,0.0,0.0,0.0,0.0,0.0,0.0,0.0,0.0,0.0,0.0,,0.0,0.0,0.0,0.0,0.0,0.0,0.0,0.0,
09-24,0.0,0.0,0.0,0.0,0.0,0.0,0.0,0.0,0.0,0.0,0.0,0.0,0.0,0.0,0.0,0.0,0.0,0.0,0.0,0.0,0.0,0.0,0.0,0.0,0.0,0.0,0.0,0.0,0.0,0.0,0.0,0.0,0.0,0.0,0.0,0.0,0.0,0.0,0.0,0.0,0.0,0.0,0.0,,0.0,0.0,0.0,0.0,0.0,0.0,0.0,0.0,
09-25,0.0,0.0,0.0,0.0,0.0,0.0,0.0,0.0,0.0,0.0,0.0,0.0,0.0,0.0,0.0,0.0,0.0,0.0,0.0,0.0,0.0,0.0,0.0,0.0,0.0,0.0,0.0,0.0,0.0,0.0,0.0,0.0,0.0,0.0,0.0,0.0,0.0,0.0,0.0,0.0,0.0,0.0,0.0,,0.0,0.0,0.0,0.0,0.0,0.0,0.0,0.0,
09-26,0.0,0.0,0.0,0.0,0.0,0.0,0.0,0.0,0.0,0.0,0.0,0.0,0.0,0.0,0.0,0.0,0.0,0.0,0.0,0.0,0.0,0.0,0.0,0.0,0.0,0.0,0.0,0.0,0.0,0.0,0.0,0.0,0.0,0.0,0.0,0.0,0.0,0.0,0.0,0.0,0.0,0.0,0.0,,0.0,0.0,0.0,0.0,0.0,0.0,0.0,0.0,
09-27,0.0,0.0,0.0,0.0,0.0,0.0,0.0,0.0,0.0,0.0,0.0,0.0,0.0,0.0,0.0,0.0,0.0,0.0,0.0,0.0,0.0,0.0,0.0,0.0,0.0,0.0,0.0,0.0,0.0,0.0,0.0,0.0,0.0,0.0,0.0,0.0,0.0,0.0,0.0,0.0,0.0,0.0,0.0,,0.0,0.0,0.0,0.0,0.0,0.0,0.0,0.0,
09-28,0.0,0.0,0.0,0.0,0.0,0.0,0.0,0.0,0.0,0.0,0.0,0.0,0.0,0.0,0.0,0.0,0.0,0.0,0.0,0.0,0.0,0.0,0.0,0.0,0.0,0.0,0.0,0.0,0.0,0.0,0.0,0.0,0.0,0.0,0.0,0.0,0.2,0.0,0.0,0.0,0.0,0.0,0.0,,0.0,0.0,0.0,0.0,0.0,0.0,0.0,0.2,
09-29,0.0,0.0,0.0,0.0,0.0,0.0,0.0,0.0,0.0,0.0,0.0,0.0,0.0,0.0,0.0,0.0,0.0,0.0,0.0,0.0,0.0,0.0,0.0,0.0,0.3,0.0,0.0,0.0,0.0,0.0,0.0,0.0,0.0,0.0,0.0,0.0,0.3,0.0,0.0,0.0,0.0,0.0,0.0,,0.0,0.0,0.0,0.0,0.0,0.0,0.0,0.3,
09-30,0.0,0.0,0.0,0.0,0.0,0.0,0.0,0.0,0.0,0.0,0.0,0.0,0.0,0.0,0.0,0.0,0.0,0.0,0.0,0.0,0.0,0.0,0.0,0.0,0.2,0.0,0.6,0.0,0.0,0.0,0.0,0.0,0.0,0.0,0.0,0.0,0.2,0.0,0.0,0.0,0.0,0.0,0.0,,0.0,0.0,0.0,0.0,0.0,0.0,0.0,0.6,
